run,actions,iterations,mines_encountered,total_time,reward
0,[1. 0. 0. 1. 1. 0. 1. 1. 0. 0. 1. 1. 1. 1. 1. 0. 0. 1. 0. 0. 0. 1. 0. 0.],18,4,380,-9250.0
1,[1. 0. 1. 0. 0. 0. 1. 1. 1. 1. 0. 0. 1. 1. 0. 0. 0. 0. 0. 0. 0. 1. 0. 0.],18,4,380,-9250.0
2,[0. 0. 0. 0. 0. 1. 1. 0. 1. 0. 0. 1. 1. 0. 0. 1. 1. 1. 0. 0. 0. 1. 0. 0.],18,4,380,-9250.0
3,[0. 0. 0. 1. 1. 0. 0. 1. 1. 0. 1. 0. 0. 0. 0. 1. 1. 1. 0. 0. 0. 1. 0. 0.],18,4,380,-9250.0
4,[1. 0. 1. 1. 1. 1. 0. 0. 0. 1. 0. 1. 1. 0. 0. 1. 0. 0. 0. 0. 0. 1. 0. 0.],18,4,380,-9250.0
5,[0. 0. 1. 1. 0. 0. 0. 1. 1. 1. 0. 1. 1. 0. 0. 1. 1. 0. 0. 0. 0. 1. 0. 0.],18,4,380,-9250.0
6,[0. 0. 0. 0. 1. 0. 1. 1. 0. 1. 0. 1. 1. 1. 1. 1. 0. 1. 0. 0. 0. 1. 0. 0.],18,4,380,-8250.0
7,[0. 0. 0. 1. 0. 1. 0. 0. 1. 1. 1. 1. 0. 1. 0. 0. 1. 0. 0. 0. 0. 1. 0. 0.],18,4,380,-9250.0
8,[0. 0. 1. 1. 1. 1. 0. 0. 1. 1. 0. 1. 1. 0. 0. 0. 0. 0. 0. 0. 0. 1. 0. 0.],18,4,380,-9250.0
9,[0. 1. 0. 0. 0. 1. 0. 0. 0. 0. 1. 0. 0. 0. 0. 1. 0. 1. 0. 0. 0. 1. 0. 0.],18,4,380,-9250.0
10,[0. 1. 1. 0. 1. 1. 0. 1. 0. 1. 0. 0. 0. 1. 0. 1. 1. 0. 0. 0. 0. 1. 0. 0.],18,4,380,-9250.0
11,[1. 1. 0. 0. 0. 0. 0. 1. 1. 1. 0. 1. 1. 1. 1. 1. 0. 1. 0. 0. 0. 1. 0. 0.],18,4,380,-9250.0
12,[1. 0. 1. 0. 0. 1. 0. 0. 0. 0. 0. 1. 1. 1. 0. 0. 1. 0. 0. 0. 0. 1. 0. 0.],18,4,380,-9250.0
13,[0. 0. 1. 0. 1. 1. 1. 1. 0. 0. 0. 0. 1. 1. 0. 1. 1. 0. 0. 0. 0. 1. 0. 0.],18,4,380,-9250.0
14,[1. 0. 1. 0. 1. 1. 1. 1. 0. 1. 0. 0. 1. 1. 1. 1. 1. 0. 0. 0. 0. 1. 0. 0.],18,4,380,-9250.0
15,[1. 0. 0. 0. 1. 0. 1. 0. 0. 0. 0. 0. 1. 1. 0. 0. 0. 0. 0. 0. 0. 1. 0. 0.],18,4,380,-9250.0
16,[0. 1. 0. 0. 1. 1. 1. 1. 1. 0. 0. 1. 1. 1. 1. 1. 1. 1. 0. 0. 0. 1. 0. 0.],18,4,380,-9250.0
17,[1. 0. 0. 1. 1. 0. 0. 1. 1. 1. 1. 1. 0. 1. 0. 0. 1. 1. 0. 0. 0. 1. 0. 0.],18,4,380,-9250.0
18,[0. 1. 1. 0. 0. 0. 1. 1. 1. 1. 1. 1. 0. 0. 0. 0. 0. 1. 0. 0. 0. 1. 0. 0.],18,4,380,-9250.0
19,[0. 0. 1. 1. 0. 0. 0. 1. 1. 0. 1. 1. 0. 0. 0. 0. 0. 0. 0. 0. 0. 1. 0. 0.],18,4,380,-9250.0
20,[1. 0. 1. 1. 0. 0. 1. 1. 0. 0. 0. 0. 0. 1. 1. 1. 1. 1. 0. 0. 0. 1. 0. 0.],18,4,380,-8250.0
21,[0. 0. 0. 1. 1. 0. 1. 1. 0. 1. 0. 0. 0. 1. 0. 1. 0. 1. 0. 0. 0. 1. 0. 0.],18,4,380,-9250.0
22,[0. 1. 0. 0. 1. 1. 0. 0. 1. 1. 0. 0. 0. 1. 1. 0. 0. 1. 0. 0. 0. 1. 0. 0.],18,4,380,-9250.0
23,[0. 1. 0. 1. 0. 1. 0. 1. 0. 1. 1. 0. 0. 0. 0. 0. 1. 0. 0. 0. 0. 1. 0. 0.],18,4,380,-9250.0
24,[0. 1. 1. 0. 1. 0. 1. 0. 0. 1. 0. 1. 1. 0. 1. 1. 1. 1. 0. 0. 0. 1. 0. 0.],18,4,380,-9250.0
25,[0. 1. 1. 0. 1. 1. 1. 0. 1. 0. 1. 0. 1. 1. 1. 1. 1. 0. 0. 0. 0. 1. 0. 0.],18,4,380,-9250.0
26,[0. 1. 1. 0. 0. 0. 0. 0. 1. 1. 0. 0. 0. 0. 0. 0. 1. 0. 0. 0. 0. 1. 0. 0.],18,4,380,-9250.0
27,[0. 0. 1. 0. 1. 1. 0. 1. 1. 1. 1. 0. 1. 1. 0. 0. 1. 0. 0. 0. 0. 1. 0. 0.],18,4,380,-9250.0
28,[1. 0. 1. 0. 0. 0. 1. 1. 1. 0. 0. 1. 0. 1. 1. 0. 1. 1. 0. 0. 0. 1. 0. 0.],18,4,380,-9250.0
29,[0. 1. 1. 1. 0. 0. 0. 0. 0. 1. 1. 0. 0. 1. 0. 0. 1. 0. 0. 0. 0. 1. 0. 0.],18,4,380,-8250.0
30,[1. 1. 1. 0. 1. 1. 1. 0. 1. 1. 0. 1. 0. 1. 1. 0. 0. 1. 0. 0. 0. 1. 0. 0.],18,4,380,-9250.0
31,[0. 1. 1. 1. 1. 1. 0. 0. 1. 0. 1. 0. 1. 0. 0. 1. 1. 0. 0. 0. 0. 1. 0. 0.],18,4,380,-9250.0
32,[0. 0. 1. 1. 0. 0. 0. 1. 1. 1. 0. 0. 1. 1. 0. 0. 0. 0. 0. 0. 0. 1. 0. 0.],18,4,380,-9250.0
33,[0. 0. 1. 0. 1. 1. 1. 1. 1. 1. 0. 0. 0. 0. 0. 1. 1. 0. 0. 0. 0. 1. 0. 0.],18,4,380,-9250.0
34,[1. 1. 0. 1. 0. 1. 0. 0. 0. 0. 0. 1. 0. 0. 0. 1. 1. 0. 0. 0. 0. 1. 0. 0.],18,4,380,-9250.0
35,[0. 0. 0. 0. 0. 1. 0. 0. 0. 0. 1. 0. 1. 0. 1. 0. 1. 1. 0. 0. 0. 1. 0. 0.],18,4,380,-9250.0
36,[0. 1. 1. 0. 1. 1. 1. 0. 1. 0. 0. 0. 1. 0. 0. 0. 0. 0. 0. 0. 0. 1. 0. 0.],18,4,380,-9250.0
37,[0. 1. 1. 0. 1. 0. 1. 1. 1. 1. 0. 1. 0. 1. 0. 0. 1. 0. 0. 0. 0. 1. 0. 0.],18,4,380,-9250.0
38,[1. 0. 1. 0. 0. 1. 1. 0. 1. 0. 1. 1. 0. 1. 0. 0. 0. 1. 0. 0. 0. 1. 0. 0.],18,4,380,-9250.0
39,[0. 1. 1. 1. 0. 0. 1. 0. 1. 0. 0. 1. 1. 0. 1. 0. 1. 1. 0. 0. 0. 1. 0. 0.],18,4,380,-9250.0
40,[1. 1. 0. 1. 0. 1. 1. 1. 1. 0. 0. 1. 0. 1. 0. 1. 1. 0. 0. 0. 0. 1. 0. 0.],18,4,380,-8250.0
41,[1. 1. 1. 1. 1. 1. 1. 0. 0. 0. 1. 1. 0. 1. 0. 0. 1. 1. 0. 0. 0. 1. 0. 0.],18,4,380,-8250.0
42,[0. 1. 0. 1. 1. 0. 1. 1. 0. 0. 0. 1. 0. 0. 0. 1. 1. 0. 0. 0. 0. 1. 0. 0.],18,4,380,-9250.0
43,[1. 0. 1. 1. 0. 0. 1. 0. 0. 0. 1. 0. 1. 1. 0. 0. 0. 0. 0. 0. 0. 1. 0. 0.],18,4,380,-9250.0
44,[0. 0. 0. 0. 0. 0. 0. 0. 0. 1. 0. 1. 0. 1. 0. 0. 1. 0. 0. 0. 0. 1. 0. 0.],18,4,380,-8250.0
45,[0. 0. 0. 0. 1. 0. 0. 1. 0. 0. 0. 0. 0. 1. 0. 1. 0. 0. 0. 0. 0. 1. 0. 0.],18,4,380,-9250.0
46,[1. 0. 1. 0. 0. 1. 1. 0. 0. 0. 1. 0. 1. 1. 0. 1. 1. 0. 0. 0. 0. 1. 0. 0.],18,4,380,-9250.0
47,[0. 0. 0. 0. 1. 0. 1. 0. 1. 0. 0. 1. 1. 0. 1. 0. 1. 1. 0. 0. 0. 1. 0. 0.],18,4,380,-9250.0
48,[1. 1. 0. 0. 1. 0. 1. 0. 1. 0. 0. 1. 1. 1. 1. 1. 0. 0. 0. 0. 0. 1. 0. 0.],18,4,380,-9250.0
49,[0. 0. 1. 1. 0. 0. 1. 1. 1. 1. 0. 1. 1. 1. 0. 0. 1. 1. 0. 0. 0. 1. 0. 0.],18,4,380,-9250.0
50,[1. 1. 0. 1. 0. 1. 0. 1. 0. 0. 1. 1. 1. 0. 1. 1. 0. 1. 0. 0. 0. 1. 0. 0.],18,4,380,-9250.0
51,[1. 1. 1. 1. 1. 1. 0. 0. 0. 1. 1. 0. 0. 0. 0. 0. 0. 1. 0. 0. 0. 1. 0. 0.],18,4,380,-9250.0
52,[0. 0. 1. 1. 1. 1. 1. 1. 1. 1. 0. 0. 0. 0. 0. 0. 1. 1. 0. 0. 0. 1. 0. 0.],18,4,380,-9250.0
53,[1. 1. 1. 0. 1. 1. 1. 1. 1. 1. 1. 0. 0. 1. 1. 1. 0. 1. 0. 0. 0. 1. 0. 0.],18,4,380,-9250.0
54,[0. 0. 0. 0. 1. 1. 1. 0. 0. 1. 1. 0. 1. 0. 1. 0. 0. 1. 0. 0. 0. 1. 0. 0.],18,4,380,-9250.0
55,[1. 0. 0. 0. 0. 1. 0. 0. 1. 1. 1. 0. 1. 0. 1. 0. 1. 0. 0. 0. 0. 1. 0. 0.],18,4,380,-8250.0
56,[1. 0. 1. 1. 1. 1. 0. 0. 0. 1. 1. 1. 0. 1. 1. 1. 0. 0. 0. 0. 0. 1. 0. 0.],18,4,380,-9250.0
57,[0. 1. 0. 1. 0. 0. 0. 1. 1. 1. 0. 1. 0. 1. 0. 0. 0. 1. 0. 0. 0. 1. 0. 0.],18,4,380,-9250.0
58,[1. 0. 1. 1. 0. 0. 0. 1. 1. 1. 1. 0. 1. 1. 0. 1. 1. 1. 0. 0. 0. 1. 0. 0.],18,4,380,-9250.0
59,[0. 1. 1. 0. 1. 1. 0. 0. 0. 1. 0. 0. 0. 1. 1. 1. 0. 0. 0. 0. 0. 1. 0. 0.],18,4,380,-9250.0
60,[1. 0. 1. 0. 0. 1. 1. 1. 0. 1. 0. 0. 1. 0. 1. 0. 1. 1. 0. 0. 0. 1. 0. 0.],18,4,380,-9250.0
61,[1. 1. 1. 0. 0. 1. 1. 1. 0. 1. 0. 1. 1. 0. 1. 1. 1. 1. 0. 0. 0. 1. 0. 0.],18,4,380,-9250.0
62,[1. 0. 0. 1. 0. 1. 0. 1. 1. 0. 1. 0. 0. 1. 0. 0. 1. 0. 0. 0. 0. 1. 0. 0.],18,4,380,-9250.0
63,[1. 0. 0. 0. 0. 1. 1. 1. 0. 0. 0. 1. 1. 0. 1. 1. 0. 0. 0. 0. 0. 1. 0. 0.],18,4,380,-8250.0
64,[1. 1. 0. 1. 1. 0. 0. 1. 0. 1. 0. 1. 1. 1. 1. 1. 1. 0. 0. 0. 0. 1. 0. 0.],18,4,380,-9250.0
65,[0. 1. 0. 1. 0. 1. 0. 1. 0. 0. 1. 0. 1. 1. 0. 1. 1. 1. 0. 0. 0. 1. 0. 0.],18,4,380,-9250.0
66,[0. 1. 0. 1. 1. 0. 0. 1. 1. 1. 1. 0. 0. 0. 1. 1. 0. 1. 0. 0. 0. 1. 0. 0.],18,4,380,-9250.0
67,[0. 0. 0. 0. 1. 1. 0. 0. 0. 1. 0. 1. 0. 0. 0. 1. 0. 0. 0. 0. 0. 1. 0. 0.],18,4,380,-9250.0
68,[0. 1. 0. 1. 1. 1. 0. 0. 1. 1. 0. 0. 1. 0. 0. 1. 1. 1. 0. 0. 0. 1. 0. 0.],18,4,380,-9250.0
69,[0. 1. 1. 0. 0. 0. 0. 0. 0. 0. 1. 1. 1. 1. 1. 1. 0. 1. 0. 0. 0. 1. 0. 0.],18,4,380,-9250.0
70,[0. 0. 1. 0. 0. 0. 0. 1. 1. 0. 0. 0. 1. 0. 1. 1. 1. 0. 0. 0. 0. 1. 0. 0.],18,4,380,-9250.0
71,[0. 1. 1. 1. 1. 0. 0. 1. 1. 1. 0. 1. 1. 1. 1. 1. 0. 0. 0. 0. 0. 1. 0. 0.],18,4,380,-9250.0
72,[1. 1. 1. 1. 1. 0. 1. 0. 0. 1. 1. 1. 0. 1. 0. 0. 0. 1. 0. 0. 0. 1. 0. 0.],18,4,380,-9250.0
73,[0. 1. 1. 0. 0. 0. 1. 0. 0. 1. 0. 1. 0. 1. 0. 1. 0. 0. 0. 0. 0. 1. 0. 0.],18,4,380,-9250.0
74,[1. 1. 0. 0. 1. 0. 1. 0. 0. 0. 0. 1. 0. 0. 1. 0. 0. 1. 0. 0. 0. 1. 0. 0.],18,4,380,-9250.0
75,[0. 0. 0. 0. 0. 1. 0. 0. 0. 1. 0. 0. 1. 1. 0. 1. 0. 1. 0. 0. 0. 1. 0. 0.],18,4,380,-9250.0
76,[0. 0. 0. 1. 0. 1. 1. 0. 1. 0. 1. 0. 0. 0. 0. 0. 0. 0. 0. 0. 0. 1. 0. 0.],18,4,380,-9250.0
77,[0. 1. 1. 1. 1. 0. 0. 0. 1. 1. 0. 1. 1. 0. 1. 1. 0. 1. 0. 0. 0. 1. 0. 0.],18,4,380,-9250.0
78,[1. 0. 0. 0. 1. 1. 1. 1. 1. 1. 0. 1. 0. 0. 1. 0. 1. 1. 0. 0. 0. 1. 0. 0.],18,4,380,-9250.0
79,[1. 0. 1. 0. 0. 1. 1. 0. 1. 0. 0. 0. 0. 1. 0. 0. 1. 0. 0. 0. 0. 1. 0. 0.],18,4,380,-9250.0
80,[0. 1. 0. 1. 0. 1. 1. 1. 0. 1. 1. 0. 0. 1. 0. 0. 0. 1. 0. 0. 0. 1. 0. 0.],18,4,380,-9250.0
81,[1. 1. 1. 0. 1. 0. 0. 0. 0. 0. 1. 1. 1. 0. 0. 1. 0. 0. 0. 0. 0. 1. 0. 0.],18,4,380,-8250.0
82,[1. 0. 1. 1. 1. 0. 0. 1. 0. 1. 0. 1. 0. 1. 1. 1. 1. 0. 0. 0. 0. 1. 0. 0.],18,4,380,-9250.0
83,[0. 0. 0. 0. 0. 0. 0. 0. 1. 0. 1. 1. 1. 0. 0. 0. 1. 1. 0. 0. 0. 1. 0. 0.],18,4,380,-8250.0
84,[0. 0. 0. 0. 0. 0. 1. 1. 0. 1. 0. 0. 1. 0. 1. 0. 1. 0. 0. 0. 0. 1. 0. 0.],18,4,380,-9250.0
85,[1. 1. 1. 0. 0. 1. 0. 1. 1. 1. 0. 1. 1. 0. 0. 0. 1. 1. 0. 0. 0. 1. 0. 0.],18,4,380,-9250.0
86,[0. 1. 1. 1. 1. 1. 1. 0. 0. 1. 0. 0. 0. 1. 1. 0. 1. 1. 0. 0. 0. 1. 0. 0.],18,4,380,-8250.0
87,[0. 1. 0. 0. 1. 0. 1. 1. 1. 0. 0. 1. 0. 1. 0. 1. 0. 0. 0. 0. 0. 1. 0. 0.],18,4,380,-9250.0
88,[1. 0. 1. 0. 0. 1. 1. 0. 1. 1. 1. 1. 1. 0. 0. 0. 1. 1. 0. 0. 0. 1. 0. 0.],18,4,380,-9250.0
89,[1. 0. 1. 0. 0. 0. 1. 0. 0. 1. 0. 0. 1. 0. 1. 0. 0. 1. 0. 0. 0. 1. 0. 0.],18,4,380,-8250.0
90,[0. 0. 1. 1. 1. 0. 1. 0. 1. 1. 1. 0. 1. 1. 1. 1. 0. 1. 0. 0. 0. 1. 0. 0.],18,4,380,-9250.0
91,[0. 0. 1. 1. 1. 1. 0. 1. 1. 0. 1. 1. 0. 0. 1. 0. 0. 1. 0. 0. 0. 1. 0. 0.],18,4,380,-9250.0
92,[1. 1. 0. 1. 1. 1. 0. 1. 1. 0. 1. 1. 1. 1. 1. 0. 1. 0. 0. 0. 0. 1. 0. 0.],18,4,380,-9250.0
93,[1. 1. 1. 1. 1. 1. 1. 1. 0. 1. 0. 1. 0. 0. 0. 0. 0. 0. 0. 0. 0. 1. 0. 0.],18,4,380,-9250.0
94,[0. 0. 0. 1. 1. 0. 1. 1. 0. 1. 1. 1. 0. 0. 0. 1. 0. 1. 0. 0. 0. 1. 0. 0.],18,4,380,-8250.0
95,[1. 1. 0. 0. 1. 0. 0. 1. 1. 0. 0. 0. 1. 0. 0. 0. 1. 0. 0. 0. 0. 1. 0. 0.],18,4,380,-9250.0
96,[0. 1. 0. 1. 1. 1. 1. 1. 0. 1. 1. 1. 0. 1. 1. 0. 0. 0. 0. 0. 0. 1. 0. 0.],18,4,380,-9250.0
97,[1. 1. 0. 1. 1. 0. 1. 1. 0. 0. 1. 0. 1. 0. 0. 0. 0. 1. 0. 0. 0. 1. 0. 0.],18,4,380,-8250.0
98,[0. 1. 0. 0. 0. 1. 0. 1. 1. 1. 1. 1. 1. 1. 1. 0. 1. 1. 0. 0. 0. 1. 0. 0.],18,4,380,-9250.0
99,[1. 0. 1. 0. 1. 1. 0. 1. 1. 1. 1. 0. 1. 0. 1. 1. 1. 1. 0. 0. 0. 1. 0. 0.],18,4,380,-9250.0
100,[1. 0. 1. 1. 1. 0. 1. 0. 1. 1. 0. 1. 1. 0. 0. 0. 0. 0. 0. 0. 0. 1. 0. 0.],18,4,380,-8250.0
101,[1. 0. 1. 0. 1. 0. 0. 0. 1. 0. 1. 1. 1. 0. 1. 0. 0. 0. 0. 0. 0. 1. 0. 0.],18,4,380,-9250.0
102,[0. 1. 1. 0. 1. 0. 0. 0. 0. 0. 1. 0. 1. 1. 0. 0. 0. 0. 0. 0. 0. 1. 0. 0.],18,4,380,-8250.0
103,[0. 0. 1. 0. 0. 0. 1. 0. 0. 0. 1. 1. 0. 1. 1. 1. 0. 0. 0. 0. 0. 1. 0. 0.],18,4,380,-9250.0
104,[1. 1. 0. 0. 0. 0. 0. 1. 0. 1. 1. 0. 1. 1. 0. 0. 0. 0. 0. 0. 0. 1. 0. 0.],18,4,380,-9250.0
105,[0. 0. 0. 0. 0. 0. 0. 0. 1. 1. 1. 1. 0. 0. 0. 0. 0. 1. 0. 0. 0. 1. 0. 0.],18,4,380,-8250.0
106,[1. 1. 1. 0. 1. 0. 1. 0. 1. 1. 0. 0. 0. 0. 1. 0. 0. 0. 0. 0. 0. 1. 0. 0.],18,4,380,-9250.0
107,[0. 0. 1. 1. 1. 1. 1. 1. 1. 0. 0. 0. 1. 1. 0. 1. 1. 0. 0. 0. 0. 1. 0. 0.],18,4,380,-9250.0
108,[1. 0. 0. 1. 1. 0. 0. 0. 0. 1. 0. 0. 0. 1. 0. 0. 1. 1. 0. 0. 0. 1. 0. 0.],18,4,380,-8250.0
109,[1. 1. 0. 1. 0. 1. 1. 0. 0. 0. 1. 0. 1. 0. 1. 0. 0. 1. 0. 0. 0. 1. 0. 0.],18,4,380,-8250.0
110,[1. 1. 1. 0. 1. 1. 0. 0. 1. 1. 1. 0. 1. 1. 1. 0. 1. 1. 0. 0. 0. 1. 0. 0.],18,4,380,-9250.0
111,[0. 0. 0. 0. 1. 1. 1. 0. 0. 1. 0. 1. 0. 0. 1. 1. 1. 1. 0. 0. 0. 1. 0. 0.],18,4,380,-9250.0
112,[1. 0. 1. 0. 1. 0. 0. 0. 1. 1. 0. 0. 0. 0. 0. 0. 1. 0. 0. 0. 0. 1. 0. 0.],18,4,380,-9250.0
113,[0. 1. 0. 0. 1. 1. 0. 0. 1. 0. 0. 1. 1. 0. 1. 1. 0. 1. 0. 0. 0. 1. 0. 0.],18,4,380,-9250.0
114,[1. 1. 0. 0. 0. 1. 0. 1. 0. 0. 1. 0. 0. 1. 1. 0. 1. 1. 0. 0. 0. 1. 0. 0.],18,4,380,-9250.0
115,[1. 1. 0. 0. 0. 1. 1. 1. 0. 1. 1. 0. 0. 1. 1. 1. 1. 1. 0. 0. 0. 1. 0. 0.],18,4,380,-9250.0
116,[0. 0. 0. 0. 1. 0. 1. 0. 1. 0. 0. 0. 1. 0. 0. 0. 0. 0. 0. 0. 0. 1. 0. 0.],18,4,380,-8250.0
117,[0. 1. 0. 0. 0. 0. 1. 1. 1. 0. 0. 1. 0. 0. 1. 1. 0. 1. 0. 0. 0. 1. 0. 0.],18,4,380,-9250.0
118,[1. 0. 1. 0. 1. 0. 1. 0. 0. 0. 0. 1. 1. 1. 1. 0. 1. 0. 0. 0. 0. 1. 0. 0.],18,4,380,-9250.0
119,[0. 0. 0. 0. 1. 0. 0. 1. 1. 1. 0. 0. 0. 1. 0. 0. 0. 0. 0. 0. 0. 1. 0. 0.],18,4,380,-9250.0
120,[1. 1. 1. 0. 1. 1. 1. 0. 1. 1. 0. 0. 1. 1. 1. 1. 1. 1. 0. 0. 0. 1. 0. 0.],18,4,380,-9250.0
121,[0. 1. 0. 0. 1. 1. 0. 1. 0. 0. 0. 0. 0. 0. 0. 0. 1. 0. 0. 0. 0. 1. 0. 0.],18,4,380,-9250.0
122,[1. 0. 0. 1. 0. 1. 1. 1. 1. 1. 0. 0. 1. 0. 0. 0. 0. 0. 0. 0. 0. 1. 0. 0.],18,4,380,-9250.0
123,[0. 0. 0. 1. 0. 0. 1. 0. 1. 1. 0. 1. 1. 1. 0. 0. 1. 1. 0. 0. 0. 1. 0. 0.],18,4,380,-9250.0
124,[1. 1. 0. 1. 0. 1. 0. 0. 1. 0. 0. 1. 0. 1. 1. 0. 0. 0. 0. 0. 0. 1. 0. 0.],18,4,380,-9250.0
125,[1. 0. 0. 1. 0. 1. 1. 1. 0. 1. 0. 0. 0. 1. 1. 0. 1. 1. 0. 0. 0. 1. 0. 0.],18,4,380,-9250.0
126,[0. 0. 1. 0. 0. 1. 0. 1. 1. 0. 0. 1. 1. 0. 1. 0. 0. 0. 0. 0. 0. 1. 0. 0.],18,4,380,-9250.0
127,[0. 0. 1. 1. 0. 1. 0. 0. 1. 1. 1. 0. 1. 1. 0. 0. 0. 1. 0. 0. 0. 1. 0. 0.],18,4,380,-9250.0
128,[0. 1. 0. 0. 1. 1. 1. 0. 0. 0. 1. 1. 1. 0. 0. 0. 1. 0. 0. 0. 0. 1. 0. 0.],18,4,380,-9250.0
129,[1. 0. 1. 0. 1. 1. 0. 0. 1. 1. 0. 0. 1. 1. 0. 0. 1. 1. 0. 0. 0. 1. 0. 0.],18,4,380,-9250.0
130,[1. 0. 0. 1. 0. 1. 1. 1. 1. 1. 1. 1. 1. 1. 1. 1. 0. 1. 0. 0. 0. 1. 0. 0.],18,4,380,-9250.0
131,[0. 1. 0. 1. 0. 0. 1. 0. 1. 1. 1. 0. 1. 1. 0. 1. 1. 1. 0. 0. 0. 1. 0. 0.],18,4,380,-9250.0
132,[1. 0. 0. 1. 0. 0. 1. 0. 1. 1. 1. 1. 0. 0. 1. 0. 1. 0. 0. 0. 0. 1. 0. 0.],18,4,380,-9250.0
133,[1. 1. 0. 1. 0. 0. 0. 0. 1. 0. 0. 0. 0. 1. 0. 1. 1. 0. 0. 0. 0. 1. 0. 0.],18,4,380,-9250.0
134,[0. 0. 1. 1. 0. 0. 0. 0. 1. 0. 1. 0. 1. 1. 1. 0. 0. 1. 0. 0. 0. 1. 0. 0.],18,4,380,-9250.0
135,[0. 0. 0. 1. 1. 0. 0. 1. 1. 0. 1. 1. 0. 0. 1. 0. 1. 0. 0. 0. 0. 1. 0. 0.],18,4,380,-9250.0
136,[0. 0. 1. 0. 0. 1. 0. 1. 0. 1. 0. 0. 0. 0. 1. 0. 0. 0. 0. 0. 0. 1. 0. 0.],18,4,380,-9250.0
137,[0. 0. 1. 0. 0. 0. 0. 1. 1. 0. 1. 0. 1. 1. 1. 0. 1. 0. 0. 0. 0. 1. 0. 0.],18,4,380,-8250.0
138,[0. 1. 0. 0. 0. 0. 0. 0. 0. 1. 0. 0. 1. 0. 1. 1. 1. 1. 0. 0. 0. 1. 0. 0.],18,4,380,-9250.0
139,[0. 1. 1. 0. 0. 1. 1. 0. 0. 1. 1. 0. 0. 1. 1. 1. 1. 0. 0. 0. 0. 1. 0. 0.],18,4,380,-9250.0
140,[1. 0. 0. 0. 1. 0. 1. 0. 0. 0. 0. 0. 1. 0. 0. 0. 1. 0. 0. 0. 0. 1. 0. 0.],18,4,380,-9250.0
141,[0. 1. 1. 1. 0. 0. 1. 0. 1. 0. 1. 1. 1. 1. 1. 0. 0. 1. 0. 0. 0. 1. 0. 0.],18,4,380,-9250.0
142,[1. 1. 1. 0. 0. 0. 1. 0. 0. 1. 0. 1. 1. 0. 1. 0. 1. 0. 0. 0. 0. 1. 0. 0.],18,4,380,-9250.0
143,[0. 0. 1. 1. 1. 0. 1. 1. 0. 1. 0. 0. 1. 0. 0. 0. 0. 1. 0. 0. 0. 1. 0. 0.],18,4,380,-9250.0
144,[0. 1. 0. 0. 1. 0. 0. 0. 1. 1. 0. 1. 0. 1. 0. 0. 0. 0. 0. 0. 0. 1. 0. 0.],18,4,380,-9250.0
145,[1. 1. 1. 0. 0. 1. 0. 0. 1. 0. 0. 0. 0. 1. 1. 1. 1. 0. 0. 0. 0. 1. 0. 0.],18,4,380,-9250.0
146,[1. 0. 1. 0. 0. 1. 1. 1. 1. 1. 0. 0. 1. 1. 0. 1. 1. 1. 0. 0. 0. 1. 0. 0.],18,4,380,-9250.0
147,[1. 0. 1. 1. 0. 0. 1. 1. 0. 1. 0. 0. 0. 1. 1. 0. 1. 1. 0. 0. 0. 1. 0. 0.],18,4,380,-9250.0
148,[0. 0. 0. 0. 0. 0. 1. 0. 1. 0. 1. 0. 1. 1. 0. 1. 0. 0. 0. 0. 0. 1. 0. 0.],18,4,380,-9250.0
149,[0. 0. 1. 0. 1. 1. 1. 1. 0. 1. 1. 1. 0. 0. 0. 1. 0. 0. 0. 0. 0. 1. 0. 0.],18,4,380,-9250.0
150,[0. 1. 1. 0. 1. 0. 1. 0. 0. 0. 1. 0. 0. 0. 0. 1. 0. 1. 0. 0. 0. 1. 0. 0.],18,4,380,-8250.0
151,[1. 0. 0. 0. 1. 0. 1. 0. 0. 0. 0. 1. 0. 0. 1. 0. 0. 0. 0. 0. 0. 1. 0. 0.],18,4,380,-9250.0
152,[0. 1. 1. 0. 0. 0. 1. 0. 0. 0. 0. 1. 0. 0. 0. 0. 0. 0. 0. 0. 0. 1. 0. 0.],18,4,380,-9250.0
153,[0. 1. 0. 1. 1. 0. 1. 0. 1. 1. 1. 1. 1. 1. 1. 1. 0. 0. 0. 0. 0. 1. 0. 0.],18,4,380,-9250.0
154,[1. 0. 1. 0. 1. 0. 0. 0. 1. 1. 1. 0. 1. 1. 1. 0. 0. 1. 0. 0. 0. 1. 0. 0.],18,4,380,-9250.0
155,[1. 0. 1. 0. 0. 0. 0. 0. 0. 0. 0. 1. 0. 1. 0. 1. 0. 0. 0. 0. 0. 1. 0. 0.],18,4,380,-8250.0
156,[1. 1. 1. 1. 0. 1. 0. 1. 1. 0. 0. 1. 0. 0. 0. 0. 1. 0. 0. 0. 0. 1. 0. 0.],18,4,380,-9250.0
157,[0. 0. 0. 1. 1. 0. 0. 1. 1. 0. 1. 1. 0. 1. 0. 0. 1. 0. 0. 0. 0. 1. 0. 0.],18,4,380,-9250.0
158,[0. 1. 1. 0. 1. 1. 0. 0. 1. 0. 1. 0. 0. 1. 1. 0. 0. 1. 0. 0. 0. 1. 0. 0.],18,4,380,-8250.0
159,[0. 0. 1. 0. 0. 0. 1. 1. 0. 1. 1. 1. 0. 1. 0. 1. 0. 1. 0. 0. 0. 1. 0. 0.],18,4,380,-9250.0
160,[1. 0. 0. 1. 0. 1. 0. 1. 0. 1. 0. 0. 1. 0. 1. 0. 1. 1. 0. 0. 0. 1. 0. 0.],18,4,380,-9250.0
161,[0. 0. 1. 0. 1. 1. 1. 0. 0. 1. 0. 0. 0. 1. 0. 1. 1. 1. 0. 0. 0. 1. 0. 0.],18,4,380,-9250.0
162,[0. 0. 0. 1. 1. 1. 1. 0. 1. 1. 1. 1. 1. 1. 0. 0. 0. 1. 0. 0. 0. 1. 0. 0.],18,4,380,-9250.0
163,[0. 0. 0. 1. 1. 1. 1. 0. 0. 1. 0. 0. 0. 0. 0. 0. 0. 1. 0. 0. 0. 1. 0. 0.],18,4,380,-9250.0
164,[1. 1. 0. 1. 1. 0. 0. 1. 1. 1. 0. 1. 0. 0. 0. 0. 0. 0. 0. 0. 0. 1. 0. 0.],18,4,380,-9250.0
165,[1. 1. 0. 1. 0. 0. 1. 1. 1. 0. 0. 1. 0. 0. 0. 0. 0. 0. 0. 0. 0. 1. 0. 0.],18,4,380,-8250.0
166,[0. 1. 1. 1. 1. 0. 1. 0. 0. 0. 1. 1. 1. 1. 1. 1. 1. 1. 0. 0. 0. 1. 0. 0.],18,4,380,-9250.0
167,[0. 0. 1. 1. 1. 0. 1. 0. 0. 0. 0. 0. 0. 1. 0. 1. 1. 0. 0. 0. 0. 1. 0. 0.],18,4,380,-9250.0
168,[0. 0. 1. 1. 0. 1. 0. 1. 0. 0. 1. 1. 0. 1. 0. 1. 1. 1. 0. 0. 0. 1. 0. 0.],18,4,380,-8250.0
169,[0. 0. 1. 0. 0. 1. 1. 0. 0. 1. 0. 1. 0. 1. 1. 1. 1. 0. 0. 0. 0. 1. 0. 0.],18,4,380,-9250.0
170,[1. 1. 1. 1. 1. 1. 1. 1. 0. 1. 0. 0. 0. 0. 1. 1. 0. 0. 0. 0. 0. 1. 0. 0.],18,4,380,-9250.0
171,[0. 1. 1. 1. 0. 0. 1. 0. 1. 0. 0. 0. 0. 0. 0. 0. 0. 0. 0. 0. 0. 1. 0. 0.],18,4,380,-9250.0
172,[0. 1. 0. 0. 1. 0. 0. 1. 0. 0. 1. 0. 1. 0. 1. 0. 0. 1. 0. 0. 0. 1. 0. 0.],18,4,380,-9250.0
173,[0. 1. 0. 0. 0. 1. 0. 0. 1. 1. 0. 0. 0. 0. 0. 1. 1. 0. 0. 0. 0. 1. 0. 0.],18,4,380,-9250.0
174,[1. 1. 1. 1. 0. 0. 1. 1. 1. 0. 0. 0. 1. 0. 1. 1. 0. 0. 0. 0. 0. 1. 0. 0.],18,4,380,-8250.0
175,[0. 1. 0. 1. 1. 0. 1. 1. 1. 0. 0. 1. 0. 1. 0. 1. 0. 0. 0. 0. 0. 1. 0. 0.],18,4,380,-9250.0
176,[0. 0. 0. 0. 1. 1. 0. 1. 1. 0. 1. 0. 1. 1. 1. 1. 1. 0. 0. 0. 0. 1. 0. 0.],18,4,380,-9250.0
177,[0. 1. 0. 1. 1. 0. 0. 1. 1. 1. 1. 0. 1. 1. 0. 1. 1. 0. 0. 0. 0. 1. 0. 0.],18,4,380,-9250.0
178,[0. 1. 0. 1. 0. 0. 1. 0. 1. 0. 1. 1. 1. 0. 0. 1. 1. 1. 0. 0. 0. 1. 0. 0.],18,4,380,-9250.0
179,[0. 1. 0. 0. 1. 0. 0. 1. 1. 0. 0. 1. 1. 1. 0. 0. 0. 1. 0. 0. 0. 1. 0. 0.],18,4,380,-9250.0
180,[1. 1. 1. 0. 1. 1. 0. 1. 1. 0. 1. 0. 1. 0. 1. 0. 1. 0. 0. 0. 0. 1. 0. 0.],18,4,380,-9250.0
181,[1. 0. 0. 1. 1. 1. 1. 0. 1. 1. 1. 1. 0. 0. 1. 1. 0. 1. 0. 0. 0. 1. 0. 0.],18,4,380,-9250.0
182,[0. 0. 0. 1. 0. 1. 0. 0. 1. 0. 1. 1. 0. 1. 1. 1. 1. 0. 0. 0. 0. 1. 0. 0.],18,4,380,-9250.0
183,[1. 0. 1. 0. 0. 0. 1. 0. 1. 1. 1. 0. 1. 1. 1. 1. 0. 0. 0. 0. 0. 1. 0. 0.],18,4,380,-9250.0
184,[0. 1. 1. 0. 1. 0. 0. 0. 0. 1. 0. 0. 1. 1. 0. 0. 1. 0. 0. 0. 0. 1. 0. 0.],18,4,380,-9250.0
185,[0. 0. 0. 0. 1. 1. 0. 0. 0. 0. 1. 1. 1. 1. 1. 1. 1. 0. 0. 0. 0. 1. 0. 0.],18,4,380,-9250.0
186,[0. 1. 0. 1. 0. 0. 1. 0. 1. 0. 1. 1. 0. 0. 0. 1. 0. 1. 0. 0. 0. 1. 0. 0.],18,4,380,-9250.0
187,[1. 1. 0. 0. 1. 1. 0. 1. 0. 1. 0. 0. 1. 0. 1. 0. 0. 1. 0. 0. 0. 1. 0. 0.],18,4,380,-9250.0
188,[1. 0. 1. 0. 1. 0. 0. 1. 0. 0. 0. 1. 0. 1. 1. 0. 0. 0. 0. 0. 0. 1. 0. 0.],18,4,380,-9250.0
189,[1. 1. 0. 1. 1. 1. 0. 0. 0. 0. 0. 1. 1. 0. 0. 0. 1. 1. 0. 0. 0. 1. 0. 0.],18,4,380,-9250.0
190,[1. 0. 1. 1. 0. 1. 1. 1. 1. 1. 1. 1. 1. 0. 0. 0. 0. 1. 0. 0. 0. 1. 0. 0.],18,4,380,-9250.0
191,[1. 1. 0. 0. 0. 1. 0. 0. 0. 1. 1. 1. 0. 0. 1. 1. 1. 1. 0. 0. 0. 1. 0. 0.],18,4,380,-9250.0
192,[1. 1. 1. 1. 1. 1. 0. 1. 0. 0. 0. 0. 0. 0. 0. 0. 1. 1. 0. 0. 0. 1. 0. 0.],18,4,380,-9250.0
193,[0. 1. 0. 0. 0. 0. 0. 0. 1. 0. 0. 1. 0. 1. 1. 1. 1. 0. 0. 0. 0. 1. 0. 0.],18,4,380,-9250.0
194,[1. 1. 1. 0. 0. 1. 0. 0. 0. 0. 1. 0. 1. 1. 0. 0. 1. 0. 0. 0. 0. 1. 0. 0.],18,4,380,-8250.0
195,[1. 0. 0. 0. 1. 1. 1. 0. 1. 0. 0. 0. 0. 1. 1. 0. 1. 1. 0. 0. 0. 1. 0. 0.],18,4,380,-9250.0
196,[1. 0. 0. 1. 0. 1. 0. 1. 1. 1. 1. 1. 0. 1. 1. 0. 0. 1. 0. 0. 0. 1. 0. 0.],18,4,380,-9250.0
197,[0. 0. 0. 1. 1. 0. 0. 0. 0. 0. 0. 0. 0. 1. 0. 0. 0. 0. 0. 0. 0. 1. 0. 0.],18,4,380,-9250.0
198,[1. 0. 1. 0. 1. 0. 1. 1. 1. 0. 0. 1. 1. 1. 0. 0. 0. 1. 0. 0. 0. 1. 0. 0.],18,4,380,-9250.0
199,[1. 0. 1. 0. 0. 0. 0. 1. 1. 1. 1. 1. 0. 0. 1. 0. 0. 0. 0. 0. 0. 1. 0. 0.],18,4,380,-9250.0
200,[1. 1. 0. 1. 1. 1. 0. 1. 0. 0. 1. 0. 1. 0. 0. 0. 0. 0. 0. 0. 0. 1. 0. 0.],18,4,380,-8250.0
201,[0. 1. 1. 1. 1. 1. 1. 1. 0. 1. 0. 1. 0. 1. 0. 1. 1. 0. 0. 0. 0. 1. 0. 0.],18,4,380,-9250.0
202,[1. 1. 0. 0. 0. 0. 1. 0. 1. 0. 1. 1. 0. 1. 1. 1. 1. 0. 0. 0. 0. 1. 0. 0.],18,4,380,-9250.0
203,[0. 1. 1. 1. 1. 0. 0. 1. 0. 1. 0. 1. 1. 0. 0. 1. 0. 1. 0. 0. 0. 1. 0. 0.],18,4,380,-9250.0
204,[0. 1. 0. 1. 1. 1. 0. 0. 0. 1. 0. 0. 0. 0. 0. 1. 0. 0. 0. 0. 0. 1. 0. 0.],18,4,380,-8250.0
205,[1. 0. 1. 0. 1. 1. 1. 1. 1. 0. 1. 0. 0. 0. 1. 0. 0. 1. 0. 0. 0. 1. 0. 0.],18,4,380,-9250.0
206,[0. 1. 1. 1. 1. 0. 1. 0. 1. 1. 0. 0. 0. 0. 1. 1. 0. 1. 0. 0. 0. 1. 0. 0.],18,4,380,-9250.0
207,[0. 1. 0. 1. 0. 0. 0. 0. 0. 1. 0. 0. 0. 1. 0. 0. 0. 1. 0. 0. 0. 1. 0. 0.],18,4,380,-9250.0
208,[0. 1. 1. 0. 1. 1. 0. 0. 1. 0. 0. 0. 1. 0. 0. 0. 1. 1. 0. 0. 0. 1. 0. 0.],18,4,380,-9250.0
209,[1. 1. 1. 0. 0. 1. 1. 1. 1. 1. 1. 0. 1. 0. 1. 1. 0. 0. 0. 0. 0. 1. 0. 0.],18,4,380,-9250.0
210,[1. 0. 0. 0. 0. 1. 1. 1. 1. 0. 0. 1. 1. 0. 1. 0. 0. 1. 0. 0. 0. 1. 0. 0.],18,4,380,-8250.0
211,[1. 1. 0. 0. 1. 0. 1. 1. 0. 1. 0. 1. 0. 0. 1. 0. 0. 0. 0. 0. 0. 1. 0. 0.],18,4,380,-8250.0
212,[0. 1. 1. 1. 1. 0. 1. 1. 0. 0. 0. 1. 0. 0. 1. 1. 0. 0. 0. 0. 0. 1. 0. 0.],18,4,380,-9250.0
213,[0. 0. 1. 0. 1. 1. 0. 1. 0. 1. 0. 0. 1. 0. 1. 1. 0. 1. 0. 0. 0. 1. 0. 0.],18,4,380,-8250.0
214,[1. 1. 1. 1. 1. 0. 1. 1. 1. 1. 0. 1. 1. 1. 0. 0. 0. 1. 0. 0. 0. 1. 0. 0.],18,4,380,-9250.0
215,[1. 0. 1. 1. 1. 0. 0. 1. 1. 1. 0. 1. 0. 1. 1. 0. 1. 0. 0. 0. 0. 1. 0. 0.],18,4,380,-9250.0
216,[1. 1. 1. 0. 0. 0. 1. 1. 0. 1. 1. 0. 0. 1. 0. 1. 0. 0. 0. 0. 0. 1. 0. 0.],18,4,380,-9250.0
217,[1. 1. 0. 1. 0. 0. 0. 0. 0. 1. 0. 1. 0. 0. 1. 0. 1. 1. 0. 0. 0. 1. 0. 0.],18,4,380,-9250.0
218,[0. 1. 0. 0. 1. 0. 0. 1. 1. 1. 1. 1. 0. 1. 1. 1. 1. 1. 0. 0. 0. 1. 0. 0.],18,4,380,-9250.0
219,[1. 1. 1. 0. 0. 1. 0. 0. 0. 0. 1. 0. 0. 1. 1. 0. 0. 1. 0. 0. 0. 1. 0. 0.],18,4,380,-9250.0
220,[1. 1. 0. 0. 1. 1. 1. 1. 1. 1. 1. 1. 0. 0. 1. 0. 0. 0. 0. 0. 0. 1. 0. 0.],18,4,380,-9250.0
221,[0. 0. 1. 1. 0. 1. 1. 0. 0. 1. 1. 1. 1. 0. 0. 1. 1. 0. 0. 0. 0. 1. 0. 0.],18,4,380,-9250.0
222,[0. 1. 0. 1. 0. 0. 1. 0. 1. 0. 1. 0. 1. 1. 1. 0. 0. 0. 0. 0. 0. 1. 0. 0.],18,4,380,-9250.0
223,[1. 1. 0. 0. 1. 1. 1. 1. 0. 0. 0. 1. 1. 0. 1. 0. 0. 1. 0. 0. 0. 1. 0. 0.],18,4,380,-8250.0
224,[1. 0. 0. 0. 0. 0. 1. 0. 0. 0. 1. 0. 1. 0. 0. 1. 1. 0. 0. 0. 0. 1. 0. 0.],18,4,380,-9250.0
225,[0. 0. 1. 0. 1. 0. 0. 0. 0. 1. 1. 0. 1. 0. 1. 1. 1. 0. 0. 0. 0. 1. 0. 0.],18,4,380,-9250.0
226,[1. 1. 0. 0. 0. 1. 1. 1. 1. 1. 0. 1. 0. 1. 1. 0. 0. 1. 0. 0. 0. 1. 0. 0.],18,4,380,-9250.0
227,[0. 0. 0. 1. 1. 0. 0. 0. 1. 1. 1. 1. 1. 1. 0. 0. 1. 0. 0. 0. 0. 1. 0. 0.],18,4,380,-9250.0
228,[1. 1. 0. 0. 0. 0. 0. 1. 0. 1. 1. 0. 0. 1. 0. 1. 0. 0. 0. 0. 0. 1. 0. 0.],18,4,380,-9250.0
229,[1. 0. 1. 1. 0. 0. 0. 1. 1. 0. 1. 0. 1. 1. 0. 1. 0. 1. 0. 0. 0. 1. 0. 0.],18,4,380,-9250.0
230,[0. 0. 1. 1. 0. 1. 1. 0. 0. 0. 0. 0. 1. 0. 1. 1. 0. 0. 0. 0. 0. 1. 0. 0.],18,4,380,-9250.0
231,[1. 0. 1. 1. 0. 0. 0. 1. 0. 0. 1. 1. 0. 1. 0. 0. 1. 1. 0. 0. 0. 1. 0. 0.],18,4,380,-9250.0
232,[0. 1. 0. 1. 0. 0. 0. 0. 0. 1. 1. 0. 0. 1. 0. 1. 0. 1. 0. 0. 0. 1. 0. 0.],18,4,380,-9250.0
233,[0. 1. 0. 1. 0. 1. 0. 0. 1. 1. 1. 0. 0. 1. 0. 0. 1. 1. 0. 0. 0. 1. 0. 0.],18,4,380,-9250.0
234,[0. 0. 0. 0. 0. 0. 1. 0. 0. 1. 0. 1. 1. 0. 1. 0. 0. 1. 0. 0. 0. 1. 0. 0.],18,4,380,-9250.0
235,[1. 1. 0. 0. 1. 1. 0. 1. 1. 1. 0. 1. 1. 0. 0. 1. 0. 0. 0. 0. 0. 1. 0. 0.],18,4,380,-9250.0
236,[0. 1. 0. 0. 1. 1. 0. 1. 1. 0. 1. 0. 1. 0. 1. 0. 0. 1. 0. 0. 0. 1. 0. 0.],18,4,380,-8250.0
237,[1. 0. 0. 0. 1. 0. 1. 1. 0. 1. 1. 0. 1. 1. 1. 1. 1. 0. 0. 0. 0. 1. 0. 0.],18,4,380,-9250.0
238,[0. 0. 1. 0. 1. 1. 0. 1. 0. 0. 1. 0. 1. 1. 0. 1. 0. 0. 0. 0. 0. 1. 0. 0.],18,4,380,-9250.0
239,[0. 1. 0. 1. 1. 0. 0. 1. 0. 1. 0. 0. 0. 0. 0. 1. 0. 0. 0. 0. 0. 1. 0. 0.],18,4,380,-9250.0
240,[0. 0. 1. 0. 1. 1. 1. 1. 0. 1. 0. 1. 1. 0. 0. 0. 0. 0. 0. 0. 0. 1. 0. 0.],18,4,380,-9250.0
241,[1. 0. 0. 1. 1. 1. 0. 1. 0. 1. 1. 1. 1. 0. 0. 1. 1. 1. 0. 0. 0. 1. 0. 0.],18,4,380,-9250.0
242,[1. 0. 1. 1. 1. 0. 0. 0. 1. 1. 0. 1. 1. 1. 1. 0. 1. 0. 0. 0. 0. 1. 0. 0.],18,4,380,-9250.0
243,[0. 1. 0. 1. 1. 1. 1. 0. 0. 0. 0. 1. 1. 1. 1. 1. 0. 0. 0. 0. 0. 1. 0. 0.],18,4,380,-9250.0
244,[1. 0. 0. 1. 0. 0. 1. 1. 1. 0. 1. 0. 0. 0. 1. 1. 0. 0. 0. 0. 0. 1. 0. 0.],18,4,380,-9250.0
245,[0. 0. 1. 0. 0. 0. 0. 0. 1. 1. 0. 1. 0. 1. 1. 1. 1. 0. 0. 0. 0. 1. 0. 0.],18,4,380,-9250.0
246,[0. 1. 1. 0. 0. 1. 1. 1. 1. 0. 0. 1. 0. 1. 1. 0. 0. 1. 0. 0. 0. 1. 0. 0.],18,4,380,-9250.0
247,[1. 1. 0. 0. 0. 0. 1. 1. 0. 0. 0. 0. 0. 0. 1. 1. 1. 1. 0. 0. 0. 1. 0. 0.],18,4,380,-9250.0
248,[0. 0. 1. 0. 0. 1. 1. 0. 1. 1. 0. 1. 1. 0. 0. 1. 0. 1. 0. 0. 0. 1. 0. 0.],18,4,380,-9250.0
249,[1. 0. 0. 1. 1. 0. 1. 1. 0. 1. 1. 0. 1. 0. 0. 1. 0. 1. 0. 0. 0. 1. 0. 0.],18,4,380,-9250.0
250,[1. 1. 0. 1. 1. 1. 0. 1. 1. 1. 1. 0. 0. 1. 1. 1. 1. 1. 0. 0. 0. 1. 0. 0.],18,4,380,-9250.0
251,[1. 1. 1. 1. 0. 1. 0. 1. 1. 1. 1. 1. 1. 0. 1. 0. 0. 0. 0. 0. 0. 1. 0. 0.],18,4,380,-9250.0
252,[1. 1. 1. 0. 1. 0. 0. 1. 0. 1. 0. 0. 1. 1. 0. 1. 0. 0. 0. 0. 0. 1. 0. 0.],18,4,380,-9250.0
253,[1. 0. 1. 1. 0. 1. 0. 0. 0. 0. 1. 0. 1. 0. 0. 1. 1. 1. 0. 0. 0. 1. 0. 0.],18,4,380,-9250.0
254,[1. 1. 0. 1. 0. 1. 0. 1. 0. 0. 1. 0. 0. 1. 0. 0. 1. 1. 0. 0. 0. 1. 0. 0.],18,4,380,-8250.0
255,[1. 1. 0. 0. 1. 1. 0. 1. 1. 0. 0. 1. 1. 0. 0. 0. 0. 1. 0. 0. 0. 1. 0. 0.],18,4,380,-9250.0
256,[1. 1. 0. 0. 0. 0. 0. 0. 0. 0. 0. 1. 1. 0. 0. 1. 1. 0. 0. 0. 0. 1. 0. 0.],18,4,380,-9250.0
257,[1. 0. 1. 1. 1. 0. 1. 1. 1. 0. 1. 0. 1. 1. 1. 1. 1. 0. 0. 0. 0. 1. 0. 0.],18,4,380,-9250.0
258,[0. 1. 0. 0. 1. 1. 0. 0. 0. 0. 1. 1. 1. 0. 1. 0. 1. 0. 0. 0. 0. 1. 0. 0.],18,4,380,-9250.0
259,[0. 0. 0. 0. 0. 1. 1. 1. 1. 0. 0. 0. 0. 0. 0. 1. 0. 0. 0. 0. 0. 1. 0. 0.],18,4,380,-8250.0
260,[0. 1. 0. 1. 1. 1. 0. 1. 0. 1. 1. 1. 1. 0. 0. 0. 0. 1. 0. 0. 0. 1. 0. 0.],18,4,380,-9250.0
261,[0. 1. 1. 1. 0. 1. 0. 1. 1. 0. 1. 1. 1. 0. 1. 0. 0. 1. 0. 0. 0. 1. 0. 0.],18,4,380,-9250.0
262,[0. 0. 1. 1. 0. 0. 0. 0. 1. 1. 0. 0. 1. 0. 0. 0. 0. 1. 0. 0. 0. 1. 0. 0.],18,4,380,-8250.0
263,[0. 1. 1. 1. 0. 1. 1. 0. 1. 1. 0. 0. 0. 1. 0. 1. 0. 1. 0. 0. 0. 1. 0. 0.],18,4,380,-9250.0
264,[1. 0. 0. 1. 0. 0. 0. 1. 0. 0. 1. 0. 1. 1. 0. 0. 0. 0. 0. 0. 0. 1. 0. 0.],18,4,380,-9250.0
265,[0. 0. 0. 1. 0. 0. 1. 1. 1. 0. 0. 1. 0. 0. 0. 1. 0. 1. 0. 0. 0. 1. 0. 0.],18,4,380,-9250.0
266,[0. 1. 0. 0. 1. 0. 1. 1. 0. 1. 1. 0. 1. 1. 0. 1. 0. 1. 0. 0. 0. 1. 0. 0.],18,4,380,-9250.0
267,[1. 0. 1. 1. 0. 0. 1. 1. 1. 0. 1. 1. 0. 0. 0. 1. 0. 1. 0. 0. 0. 1. 0. 0.],18,4,386,-8250.0
268,[1. 1. 0. 1. 1. 1. 1. 0. 1. 1. 1. 1. 0. 1. 0. 1. 1. 0. 0. 0. 0. 1. 0. 0.],18,4,380,-9250.0
269,[1. 0. 0. 0. 0. 0. 1. 1. 1. 1. 1. 0. 1. 1. 0. 0. 0. 0. 0. 0. 0. 1. 0. 0.],18,4,380,-9250.0
270,[0. 1. 1. 0. 0. 0. 0. 1. 0. 1. 0. 0. 0. 1. 0. 0. 0. 1. 0. 0. 0. 1. 0. 0.],18,4,380,-9250.0
271,[1. 0. 1. 1. 1. 0. 1. 1. 0. 0. 1. 0. 1. 0. 1. 1. 1. 0. 0. 0. 0. 1. 0. 0.],18,4,380,-9250.0
272,[0. 1. 1. 0. 1. 0. 1. 0. 1. 0. 0. 1. 0. 1. 1. 0. 1. 0. 0. 0. 0. 1. 0. 0.],18,4,380,-9250.0
273,[0. 0. 1. 1. 1. 0. 0. 1. 0. 1. 0. 1. 0. 0. 0. 1. 1. 1. 0. 0. 0. 1. 0. 0.],18,4,380,-8250.0
274,[0. 1. 1. 1. 1. 0. 1. 1. 0. 0. 1. 0. 0. 1. 0. 0. 1. 0. 0. 0. 0. 1. 0. 0.],18,4,380,-9250.0
275,[1. 1. 0. 1. 1. 0. 1. 0. 1. 0. 1. 1. 1. 0. 1. 0. 0. 1. 0. 0. 0. 1. 0. 0.],18,4,380,-9250.0
276,[0. 0. 1. 1. 1. 1. 1. 1. 0. 1. 0. 0. 0. 0. 0. 1. 1. 0. 0. 0. 0. 1. 0. 0.],18,4,380,-9250.0
277,[1. 1. 0. 0. 1. 1. 0. 1. 0. 1. 0. 0. 1. 0. 0. 1. 0. 0. 0. 0. 0. 1. 0. 0.],18,4,380,-9250.0
278,[0. 1. 0. 1. 1. 0. 1. 1. 1. 0. 0. 1. 1. 0. 0. 0. 0. 1. 0. 0. 0. 1. 0. 0.],18,4,380,-8250.0
279,[0. 0. 0. 0. 0. 1. 0. 0. 0. 1. 0. 1. 1. 1. 1. 1. 0. 0. 0. 0. 0. 1. 0. 0.],18,4,380,-8250.0
280,[0. 0. 1. 0. 0. 1. 1. 0. 0. 1. 1. 0. 1. 0. 1. 1. 0. 1. 0. 0. 0. 1. 0. 0.],18,4,380,-9250.0
281,[1. 1. 0. 0. 0. 1. 0. 1. 0. 0. 1. 0. 0. 1. 0. 1. 0. 1. 0. 0. 0. 1. 0. 0.],18,4,380,-9250.0
282,[1. 0. 0. 1. 0. 1. 1. 1. 1. 0. 1. 1. 0. 0. 1. 0. 0. 0. 0. 0. 0. 1. 0. 0.],18,4,380,-9250.0
283,[1. 0. 1. 0. 1. 0. 1. 0. 1. 0. 0. 1. 0. 1. 1. 0. 1. 1. 0. 0. 0. 1. 0. 0.],18,4,380,-9250.0
284,[0. 0. 1. 0. 0. 0. 1. 0. 0. 0. 0. 1. 0. 1. 0. 0. 0. 1. 0. 0. 0. 1. 0. 0.],18,4,380,-9250.0
285,[0. 1. 0. 0. 1. 1. 1. 0. 1. 0. 0. 1. 0. 1. 0. 0. 0. 1. 0. 0. 0. 1. 0. 0.],18,4,380,-9250.0
286,[1. 0. 0. 0. 0. 1. 1. 1. 0. 0. 0. 1. 0. 1. 1. 1. 1. 0. 0. 0. 0. 1. 0. 0.],18,4,380,-9250.0
287,[0. 0. 0. 0. 0. 1. 0. 1. 0. 1. 1. 0. 1. 0. 0. 0. 1. 0. 0. 0. 0. 1. 0. 0.],18,4,380,-9250.0
288,[1. 1. 1. 1. 1. 1. 1. 0. 1. 0. 0. 1. 0. 1. 1. 0. 0. 0. 0. 0. 0. 1. 0. 0.],18,4,380,-9250.0
289,[0. 1. 0. 1. 0. 0. 1. 0. 0. 0. 0. 0. 0. 0. 0. 0. 0. 0. 0. 0. 0. 1. 0. 0.],18,4,380,-9250.0
290,[1. 1. 1. 0. 1. 1. 0. 0. 0. 1. 0. 1. 1. 0. 0. 1. 1. 1. 0. 0. 0. 1. 0. 0.],18,4,380,-9250.0
291,[0. 1. 1. 1. 1. 0. 0. 0. 0. 1. 0. 1. 0. 1. 1. 0. 0. 1. 0. 0. 0. 1. 0. 0.],18,4,380,-9250.0
292,[0. 0. 1. 0. 1. 0. 0. 0. 1. 0. 1. 1. 0. 0. 0. 1. 1. 0. 0. 0. 0. 1. 0. 0.],18,4,380,-9250.0
293,[1. 1. 0. 1. 1. 1. 1. 0. 1. 1. 0. 1. 0. 0. 0. 1. 0. 1. 0. 0. 0. 1. 0. 0.],18,4,380,-8250.0
294,[1. 1. 1. 0. 1. 1. 1. 1. 0. 0. 1. 0. 0. 1. 1. 0. 1. 0. 0. 0. 0. 1. 0. 0.],18,4,380,-9250.0
295,[0. 1. 1. 1. 1. 1. 1. 0. 1. 1. 1. 1. 0. 0. 1. 0. 1. 1. 0. 0. 0. 1. 0. 0.],18,4,380,-9250.0
296,[0. 1. 0. 0. 1. 0. 0. 0. 0. 1. 1. 1. 0. 1. 1. 0. 1. 1. 0. 0. 0. 1. 0. 0.],18,4,380,-9250.0
297,[1. 1. 0. 1. 1. 1. 1. 1. 0. 0. 1. 1. 0. 0. 1. 1. 0. 0. 0. 0. 0. 1. 0. 0.],18,4,380,-9250.0
298,[0. 0. 1. 0. 0. 0. 0. 0. 0. 1. 1. 1. 1. 1. 0. 0. 0. 0. 0. 0. 0. 1. 0. 0.],18,4,380,-9250.0
299,[0. 1. 1. 1. 0. 1. 1. 0. 0. 0. 0. 0. 0. 1. 1. 1. 1. 1. 0. 0. 0. 1. 0. 0.],18,4,380,-9250.0
300,[0. 0. 1. 1. 0. 0. 1. 1. 0. 0. 1. 1. 1. 1. 1. 1. 1. 0. 0. 0. 0. 1. 0. 0.],18,4,380,-9250.0
301,[0. 1. 0. 1. 1. 0. 0. 0. 1. 0. 0. 1. 0. 1. 1. 0. 1. 1. 0. 0. 0. 1. 0. 0.],18,4,380,-9250.0
302,[0. 0. 0. 0. 1. 0. 1. 0. 0. 1. 1. 1. 0. 1. 0. 0. 1. 1. 0. 0. 0. 1. 0. 0.],18,4,380,-9250.0
303,[0. 0. 1. 0. 0. 0. 1. 1. 1. 1. 1. 0. 0. 1. 1. 1. 1. 1. 0. 0. 0. 1. 0. 0.],18,4,380,-9250.0
304,[1. 0. 1. 0. 0. 0. 0. 1. 1. 1. 0. 1. 0. 0. 1. 1. 0. 1. 0. 0. 0. 1. 0. 0.],18,4,380,-8250.0
305,[1. 0. 0. 1. 1. 0. 1. 1. 1. 0. 0. 1. 0. 1. 0. 0. 0. 0. 0. 0. 0. 1. 0. 0.],18,4,380,-9250.0
306,[0. 1. 0. 1. 0. 1. 1. 1. 1. 0. 0. 1. 0. 1. 1. 1. 0. 0. 0. 0. 0. 1. 0. 0.],18,4,380,-9250.0
307,[0. 1. 0. 0. 0. 1. 0. 1. 1. 0. 0. 0. 0. 1. 0. 1. 1. 1. 0. 0. 0. 1. 0. 0.],18,4,380,-9250.0
308,[1. 1. 1. 1. 1. 1. 0. 0. 1. 1. 1. 1. 0. 0. 0. 1. 1. 1. 0. 0. 0. 1. 0. 0.],18,4,380,-9250.0
309,[0. 1. 0. 1. 1. 1. 1. 0. 0. 1. 1. 1. 1. 1. 0. 0. 1. 0. 0. 0. 0. 1. 0. 0.],18,4,380,-8250.0
310,[1. 0. 0. 0. 1. 0. 1. 1. 1. 1. 0. 0. 1. 0. 1. 1. 1. 0. 0. 0. 0. 1. 0. 0.],18,4,380,-9250.0
311,[0. 1. 1. 0. 0. 0. 1. 1. 1. 1. 1. 1. 1. 1. 0. 1. 1. 0. 0. 0. 0. 1. 0. 0.],18,4,380,-9250.0
312,[1. 1. 0. 0. 0. 1. 1. 0. 0. 1. 1. 1. 1. 0. 1. 0. 1. 1. 0. 0. 0. 1. 0. 0.],18,4,380,-9250.0
313,[1. 0. 0. 0. 1. 0. 1. 1. 1. 0. 1. 1. 0. 1. 0. 1. 0. 1. 0. 0. 0. 1. 0. 0.],18,4,380,-8250.0
314,[0. 0. 0. 1. 1. 1. 1. 0. 0. 0. 1. 0. 1. 0. 1. 0. 0. 1. 0. 0. 0. 1. 0. 0.],18,4,380,-9250.0
315,[1. 0. 1. 1. 1. 1. 0. 0. 0. 0. 1. 1. 1. 1. 0. 0. 0. 0. 0. 0. 0. 1. 0. 0.],18,4,380,-9250.0
316,[1. 1. 1. 1. 1. 1. 1. 1. 1. 0. 1. 1. 1. 1. 1. 1. 1. 1. 0. 0. 0. 1. 0. 0.],18,4,380,-9250.0
317,[1. 1. 1. 1. 0. 0. 1. 0. 0. 1. 1. 1. 1. 0. 0. 0. 1. 1. 0. 0. 0. 1. 0. 0.],18,4,380,-8250.0
318,[0. 1. 0. 1. 1. 0. 1. 0. 0. 0. 1. 1. 0. 1. 0. 0. 0. 1. 0. 0. 0. 1. 0. 0.],18,4,380,-8250.0
319,[1. 0. 1. 0. 0. 1. 1. 0. 1. 0. 1. 1. 1. 0. 0. 0. 1. 0. 0. 0. 0. 1. 0. 0.],18,4,380,-8250.0
320,[0. 1. 1. 1. 0. 1. 0. 0. 1. 1. 1. 1. 1. 0. 1. 1. 1. 0. 0. 0. 0. 1. 0. 0.],18,4,380,-8250.0
321,[0. 1. 0. 0. 1. 0. 0. 1. 1. 1. 0. 1. 0. 0. 1. 1. 0. 1. 0. 0. 0. 1. 0. 0.],18,4,380,-9250.0
322,[1. 0. 1. 1. 0. 1. 0. 1. 0. 0. 1. 1. 1. 1. 1. 1. 1. 0. 0. 0. 0. 1. 0. 0.],18,4,380,-9250.0
323,[1. 0. 1. 0. 0. 0. 0. 1. 1. 1. 1. 1. 1. 0. 0. 0. 1. 1. 0. 0. 0. 1. 0. 0.],18,4,380,-9250.0
324,[1. 0. 1. 0. 0. 1. 0. 1. 1. 1. 0. 1. 1. 1. 0. 1. 1. 0. 0. 0. 0. 1. 0. 0.],18,4,380,-9250.0
325,[1. 1. 1. 0. 0. 0. 1. 1. 0. 1. 0. 1. 1. 0. 0. 0. 0. 0. 0. 0. 0. 1. 0. 0.],18,4,380,-9250.0
326,[0. 0. 1. 1. 1. 0. 0. 0. 0. 0. 0. 0. 0. 1. 1. 0. 0. 0. 0. 0. 0. 1. 0. 0.],18,4,380,-9250.0
327,[0. 1. 1. 1. 1. 0. 1. 0. 1. 0. 0. 1. 0. 0. 1. 1. 0. 0. 0. 0. 0. 1. 0. 0.],18,4,380,-9250.0
328,[0. 0. 1. 0. 1. 1. 0. 1. 1. 1. 1. 0. 1. 1. 0. 0. 0. 0. 0. 0. 0. 1. 0. 0.],18,4,380,-9250.0
329,[1. 1. 0. 1. 1. 1. 0. 1. 1. 0. 0. 1. 1. 1. 0. 0. 0. 1. 0. 0. 0. 1. 0. 0.],18,4,380,-9250.0
330,[0. 1. 0. 1. 0. 0. 0. 1. 1. 1. 0. 0. 0. 1. 1. 1. 0. 0. 0. 0. 0. 1. 0. 0.],18,4,380,-9250.0
331,[0. 1. 0. 0. 0. 0. 0. 1. 1. 1. 1. 0. 1. 0. 1. 1. 1. 1. 0. 0. 0. 1. 0. 0.],18,4,380,-9250.0
332,[1. 1. 1. 1. 1. 0. 0. 1. 1. 1. 0. 0. 1. 0. 0. 0. 1. 0. 0. 0. 0. 1. 0. 0.],18,4,380,-9250.0
333,[0. 0. 1. 0. 1. 1. 0. 1. 1. 1. 0. 1. 0. 1. 0. 0. 1. 1. 0. 0. 0. 1. 0. 0.],18,4,380,-9250.0
334,[1. 1. 0. 1. 1. 0. 1. 0. 0. 0. 0. 0. 0. 1. 1. 1. 0. 0. 0. 0. 0. 1. 0. 0.],18,4,380,-9250.0
335,[1. 1. 1. 0. 0. 1. 0. 1. 0. 0. 0. 1. 0. 0. 1. 1. 1. 1. 0. 0. 0. 1. 0. 0.],18,4,380,-8250.0
336,[1. 0. 1. 1. 1. 0. 0. 0. 0. 1. 0. 1. 1. 1. 1. 0. 1. 0. 0. 0. 0. 1. 0. 0.],18,4,380,-9250.0
337,[0. 0. 1. 1. 0. 1. 0. 1. 1. 0. 1. 1. 0. 1. 1. 0. 1. 0. 0. 0. 0. 1. 0. 0.],18,4,380,-9250.0
338,[0. 0. 0. 0. 1. 1. 1. 1. 0. 1. 0. 1. 0. 0. 1. 1. 1. 1. 0. 0. 0. 1. 0. 0.],18,4,380,-9250.0
339,[1. 0. 1. 1. 1. 0. 0. 0. 1. 1. 1. 0. 1. 1. 1. 1. 0. 0. 0. 0. 0. 1. 0. 0.],18,4,380,-9250.0
340,[1. 0. 1. 0. 1. 0. 0. 1. 0. 1. 0. 0. 1. 1. 0. 1. 0. 0. 0. 0. 0. 1. 0. 0.],18,4,380,-9250.0
341,[1. 0. 0. 1. 1. 0. 0. 0. 1. 1. 1. 0. 0. 1. 1. 1. 1. 1. 0. 0. 0. 1. 0. 0.],18,4,380,-9250.0
342,[0. 1. 1. 1. 0. 0. 0. 1. 0. 1. 0. 0. 1. 0. 1. 0. 1. 0. 0. 0. 0. 1. 0. 0.],18,4,380,-9250.0
343,[1. 0. 0. 0. 1. 1. 1. 0. 0. 1. 1. 1. 0. 1. 0. 0. 0. 1. 0. 0. 0. 1. 0. 0.],18,4,380,-9250.0
344,[1. 1. 1. 1. 0. 0. 1. 0. 0. 0. 1. 0. 0. 1. 1. 0. 0. 1. 0. 0. 0. 1. 0. 0.],18,4,380,-9250.0
345,[0. 1. 0. 1. 1. 1. 1. 1. 0. 1. 1. 1. 1. 1. 1. 0. 1. 1. 0. 0. 0. 1. 0. 0.],18,4,380,-9250.0
346,[0. 0. 1. 1. 1. 0. 0. 0. 1. 0. 0. 1. 1. 1. 0. 0. 0. 1. 0. 0. 0. 1. 0. 0.],18,4,380,-8250.0
347,[1. 1. 0. 0. 0. 0. 1. 1. 1. 1. 1. 0. 1. 0. 0. 0. 0. 0. 0. 0. 0. 1. 0. 0.],18,4,380,-9250.0
348,[1. 1. 0. 0. 1. 1. 1. 0. 0. 1. 0. 1. 1. 0. 1. 0. 0. 1. 0. 0. 0. 1. 0. 0.],18,4,380,-9250.0
349,[1. 0. 1. 0. 1. 1. 0. 0. 1. 0. 1. 1. 0. 0. 0. 1. 0. 1. 0. 0. 0. 1. 0. 0.],18,4,380,-9250.0
350,[0. 1. 0. 1. 1. 1. 0. 1. 1. 1. 0. 1. 1. 0. 1. 1. 1. 1. 0. 0. 0. 1. 0. 0.],18,4,380,-8250.0
351,[1. 1. 0. 1. 0. 0. 1. 0. 0. 1. 1. 1. 0. 1. 0. 1. 1. 1. 0. 0. 0. 1. 0. 0.],18,4,380,-9250.0
352,[1. 0. 0. 0. 1. 0. 0. 0. 0. 0. 1. 1. 0. 0. 1. 0. 1. 1. 0. 0. 0. 1. 0. 0.],18,4,380,-8250.0
353,[1. 1. 0. 0. 0. 1. 1. 1. 0. 0. 1. 1. 0. 1. 1. 0. 1. 1. 0. 0. 0. 1. 0. 0.],18,4,380,-9250.0
354,[1. 0. 0. 1. 0. 0. 0. 0. 0. 1. 0. 1. 0. 1. 0. 1. 1. 0. 0. 0. 0. 1. 0. 0.],18,4,380,-9250.0
355,[0. 1. 1. 1. 1. 1. 1. 1. 1. 1. 1. 1. 0. 1. 0. 0. 0. 1. 0. 0. 0. 1. 0. 0.],18,4,380,-9250.0
356,[0. 0. 1. 1. 0. 0. 1. 0. 0. 1. 1. 1. 1. 1. 1. 0. 0. 0. 0. 0. 0. 1. 0. 0.],18,4,380,-9250.0
357,[0. 1. 1. 0. 1. 1. 1. 1. 0. 1. 0. 0. 0. 1. 1. 1. 0. 1. 0. 0. 0. 1. 0. 0.],18,4,380,-9250.0
358,[1. 0. 0. 1. 0. 1. 1. 1. 0. 1. 1. 1. 0. 1. 1. 0. 0. 1. 0. 0. 0. 1. 0. 0.],18,4,380,-9250.0
359,[1. 1. 0. 1. 1. 0. 1. 0. 0. 0. 1. 1. 0. 1. 1. 1. 0. 0. 0. 0. 0. 1. 0. 0.],18,4,380,-9250.0
360,[0. 1. 1. 1. 0. 0. 1. 0. 0. 1. 0. 0. 0. 1. 0. 0. 0. 0. 0. 0. 0. 1. 0. 0.],18,4,380,-9250.0
361,[0. 1. 1. 1. 1. 1. 1. 1. 0. 1. 0. 0. 1. 0. 0. 0. 0. 0. 0. 0. 0. 1. 0. 0.],18,4,380,-9250.0
362,[1. 0. 1. 0. 0. 0. 0. 1. 0. 0. 0. 1. 0. 0. 1. 1. 1. 0. 0. 0. 0. 1. 0. 0.],18,4,380,-9250.0
363,[0. 0. 0. 0. 1. 1. 1. 1. 1. 1. 1. 0. 1. 1. 1. 0. 0. 0. 0. 0. 0. 1. 0. 0.],18,4,380,-9250.0
364,[1. 0. 1. 0. 1. 1. 1. 1. 1. 0. 1. 0. 0. 0. 1. 0. 1. 0. 0. 0. 0. 1. 0. 0.],18,4,380,-9250.0
365,[0. 0. 0. 1. 0. 1. 0. 1. 0. 0. 1. 1. 1. 1. 0. 1. 1. 0. 0. 0. 0. 1. 0. 0.],18,4,380,-9250.0
366,[0. 1. 1. 0. 0. 0. 1. 0. 0. 0. 0. 0. 1. 0. 1. 0. 0. 0. 0. 0. 0. 1. 0. 0.],18,4,380,-9250.0
367,[1. 0. 1. 0. 0. 0. 1. 1. 1. 0. 1. 0. 1. 1. 0. 1. 0. 1. 0. 0. 0. 1. 0. 0.],18,4,380,-9250.0
368,[1. 1. 1. 1. 1. 0. 0. 0. 0. 1. 0. 1. 1. 0. 0. 0. 0. 0. 0. 0. 0. 1. 0. 0.],18,4,380,-9250.0
369,[1. 0. 1. 0. 0. 1. 1. 1. 1. 1. 1. 1. 1. 0. 1. 0. 1. 1. 0. 0. 0. 1. 0. 0.],18,4,380,-8250.0
370,[1. 0. 0. 0. 0. 0. 1. 0. 0. 1. 0. 1. 0. 0. 0. 0. 1. 1. 0. 0. 0. 1. 0. 0.],18,4,380,-9250.0
371,[0. 0. 0. 0. 1. 1. 0. 1. 1. 1. 0. 1. 1. 1. 0. 0. 1. 1. 0. 0. 0. 1. 0. 0.],18,4,380,-9250.0
372,[1. 1. 1. 0. 0. 1. 1. 0. 1. 0. 1. 0. 0. 0. 1. 0. 0. 0. 0. 0. 0. 1. 0. 0.],18,4,380,-9250.0
373,[0. 0. 0. 0. 0. 1. 0. 1. 0. 0. 0. 1. 1. 0. 1. 1. 0. 0. 0. 0. 0. 1. 0. 0.],18,4,380,-9250.0
374,[1. 0. 1. 1. 1. 1. 1. 1. 0. 0. 1. 1. 0. 1. 0. 0. 1. 0. 0. 0. 0. 1. 0. 0.],18,4,380,-8250.0
375,[0. 1. 0. 0. 0. 1. 0. 1. 0. 1. 0. 0. 0. 0. 0. 0. 0. 0. 0. 0. 0. 1. 0. 0.],18,4,380,-9250.0
376,[1. 0. 0. 1. 1. 1. 1. 0. 0. 1. 1. 1. 0. 0. 1. 1. 0. 1. 0. 0. 0. 1. 0. 0.],18,4,380,-9250.0
377,[1. 0. 1. 0. 1. 1. 0. 1. 1. 0. 1. 0. 0. 0. 1. 0. 1. 0. 0. 0. 0. 1. 0. 0.],18,4,380,-9250.0
378,[0. 1. 0. 1. 0. 0. 1. 0. 1. 1. 0. 1. 1. 1. 0. 0. 0. 1. 0. 0. 0. 1. 0. 0.],18,4,380,-9250.0
379,[0. 0. 0. 1. 0. 1. 0. 1. 1. 0. 0. 1. 0. 0. 1. 0. 0. 1. 0. 0. 0. 1. 0. 0.],18,4,380,-8250.0
380,[1. 1. 0. 1. 1. 0. 0. 0. 0. 1. 0. 0. 0. 1. 0. 0. 1. 0. 0. 0. 0. 1. 0. 0.],18,4,380,-8250.0
381,[1. 1. 1. 1. 1. 0. 0. 0. 0. 1. 1. 1. 0. 0. 0. 0. 1. 0. 0. 0. 0. 1. 0. 0.],18,4,380,-9250.0
382,[1. 0. 0. 0. 1. 0. 1. 1. 0. 1. 0. 1. 1. 0. 0. 0. 0. 0. 0. 0. 0. 1. 0. 0.],18,4,380,-8250.0
383,[1. 0. 1. 0. 0. 1. 0. 0. 0. 0. 1. 1. 1. 1. 1. 1. 0. 0. 0. 0. 0. 1. 0. 0.],18,4,380,-9250.0
384,[0. 0. 1. 0. 0. 0. 0. 0. 1. 0. 0. 1. 1. 0. 0. 0. 0. 0. 0. 0. 0. 1. 0. 0.],18,4,380,-9250.0
385,[0. 1. 0. 1. 0. 1. 1. 0. 1. 1. 0. 1. 0. 1. 0. 1. 0. 0. 0. 0. 0. 1. 0. 0.],18,4,380,-9250.0
386,[1. 0. 0. 0. 1. 0. 0. 0. 1. 1. 0. 1. 1. 0. 1. 1. 0. 1. 0. 0. 0. 1. 0. 0.],18,4,380,-9250.0
387,[0. 1. 1. 0. 0. 0. 1. 1. 1. 1. 1. 0. 0. 1. 1. 1. 0. 0. 0. 0. 0. 1. 0. 0.],18,4,380,-9250.0
388,[1. 0. 0. 1. 1. 1. 1. 1. 1. 1. 0. 0. 0. 0. 1. 0. 1. 0. 0. 0. 0. 1. 0. 0.],18,4,380,-9250.0
389,[0. 0. 0. 0. 0. 0. 1. 1. 1. 1. 1. 0. 0. 0. 0. 0. 1. 0. 0. 0. 0. 1. 0. 0.],18,4,380,-8250.0
390,[1. 1. 0. 1. 1. 1. 1. 0. 0. 0. 0. 0. 1. 0. 0. 0. 1. 0. 0. 0. 0. 1. 0. 0.],18,4,380,-9250.0
391,[1. 1. 0. 1. 0. 1. 1. 1. 0. 1. 1. 1. 1. 0. 0. 1. 0. 1. 0. 0. 0. 1. 0. 0.],18,4,380,-9250.0
392,[1. 1. 1. 0. 0. 1. 1. 0. 0. 1. 0. 1. 1. 1. 0. 1. 1. 0. 0. 0. 0. 1. 0. 0.],18,4,380,-9250.0
393,[1. 1. 0. 1. 0. 0. 0. 1. 1. 1. 0. 1. 1. 1. 0. 1. 0. 1. 0. 0. 0. 1. 0. 0.],18,4,380,-9250.0
394,[1. 1. 0. 1. 1. 1. 0. 1. 1. 1. 0. 0. 0. 0. 0. 1. 0. 0. 0. 0. 0. 1. 0. 0.],18,4,380,-9250.0
395,[0. 0. 1. 1. 1. 1. 1. 1. 1. 1. 0. 0. 1. 0. 0. 0. 1. 0. 0. 0. 0. 1. 0. 0.],18,4,380,-9250.0
396,[0. 0. 1. 0. 1. 1. 1. 1. 0. 1. 1. 0. 0. 1. 1. 0. 1. 0. 0. 0. 0. 1. 0. 0.],18,4,380,-9250.0
397,[0. 1. 0. 1. 0. 1. 0. 1. 1. 0. 0. 0. 1. 1. 1. 1. 1. 1. 0. 0. 0. 1. 0. 0.],18,4,380,-9250.0
398,[0. 0. 0. 1. 0. 0. 1. 0. 1. 0. 1. 0. 1. 1. 1. 0. 0. 1. 0. 0. 0. 1. 0. 0.],18,4,380,-9250.0
399,[1. 1. 1. 1. 0. 1. 1. 0. 1. 0. 0. 0. 0. 1. 1. 1. 0. 1. 0. 0. 0. 1. 0. 0.],18,4,380,-9250.0
400,[1. 0. 1. 1. 1. 0. 0. 1. 1. 0. 1. 1. 1. 1. 0. 0. 0. 0. 0. 0. 0. 1. 0. 0.],18,4,380,-9250.0
401,[0. 1. 1. 1. 0. 0. 1. 0. 0. 1. 0. 0. 0. 0. 0. 0. 0. 0. 0. 0. 0. 1. 0. 0.],18,4,380,-9250.0
402,[0. 1. 0. 0. 0. 1. 0. 1. 1. 0. 1. 0. 0. 0. 0. 0. 0. 0. 0. 0. 0. 1. 0. 0.],18,4,380,-9250.0
403,[1. 0. 0. 0. 0. 1. 0. 0. 1. 0. 0. 1. 0. 0. 0. 1. 0. 1. 0. 0. 0. 1. 0. 0.],18,4,380,-9250.0
404,[1. 1. 0. 0. 0. 1. 1. 1. 1. 1. 1. 1. 1. 1. 1. 0. 0. 0. 0. 0. 0. 1. 0. 0.],18,4,380,-9250.0
405,[0. 0. 1. 1. 0. 1. 1. 0. 0. 1. 1. 1. 0. 1. 0. 0. 1. 0. 0. 0. 0. 1. 0. 0.],18,4,380,-9250.0
406,[1. 1. 1. 1. 1. 1. 1. 1. 0. 1. 1. 1. 0. 1. 1. 0. 0. 1. 0. 0. 0. 1. 0. 0.],18,4,380,-9250.0
407,[0. 0. 1. 1. 0. 0. 1. 0. 1. 1. 0. 0. 0. 0. 0. 0. 0. 0. 0. 0. 0. 1. 0. 0.],18,4,380,-9250.0
408,[0. 0. 1. 0. 0. 0. 1. 1. 0. 0. 0. 0. 1. 0. 1. 1. 0. 1. 0. 0. 0. 1. 0. 0.],18,4,380,-9250.0
409,[1. 1. 1. 0. 0. 0. 1. 1. 0. 0. 0. 1. 1. 0. 1. 1. 1. 1. 0. 0. 0. 1. 0. 0.],18,4,380,-8250.0
410,[0. 1. 1. 1. 1. 1. 0. 0. 0. 1. 1. 1. 1. 1. 0. 1. 1. 1. 0. 0. 0. 1. 0. 0.],18,4,380,-9250.0
411,[0. 1. 1. 1. 1. 1. 0. 0. 1. 1. 1. 1. 0. 1. 0. 0. 1. 1. 0. 0. 0. 1. 0. 0.],18,4,380,-8250.0
412,[0. 1. 1. 1. 1. 1. 1. 0. 0. 0. 0. 1. 1. 0. 0. 1. 0. 1. 0. 0. 0. 1. 0. 0.],18,4,380,-9250.0
413,[0. 1. 0. 1. 1. 0. 0. 0. 0. 1. 0. 1. 0. 0. 0. 0. 0. 0. 0. 0. 0. 1. 0. 0.],18,4,380,-9250.0
414,[0. 1. 0. 1. 1. 1. 1. 1. 1. 0. 0. 0. 1. 0. 1. 0. 1. 1. 0. 0. 0. 1. 0. 0.],18,4,380,-8250.0
415,[1. 1. 0. 0. 1. 0. 1. 1. 0. 1. 1. 1. 0. 1. 1. 0. 0. 0. 0. 0. 0. 1. 0. 0.],18,4,380,-9250.0
416,[1. 0. 0. 0. 0. 0. 1. 0. 1. 1. 0. 0. 1. 1. 1. 1. 1. 1. 0. 0. 0. 1. 0. 0.],18,4,380,-8250.0
417,[1. 1. 0. 1. 1. 0. 1. 1. 0. 0. 1. 0. 0. 0. 1. 0. 1. 0. 0. 0. 0. 1. 0. 0.],18,4,380,-9250.0
418,[0. 1. 0. 1. 1. 0. 0. 0. 1. 1. 0. 0. 1. 0. 0. 1. 0. 1. 0. 0. 0. 1. 0. 0.],18,4,380,-9250.0
419,[1. 1. 0. 1. 1. 0. 1. 1. 0. 0. 1. 1. 1. 1. 0. 1. 1. 1. 0. 0. 0. 1. 0. 0.],18,4,380,-9250.0
420,[0. 1. 0. 0. 1. 1. 1. 0. 0. 0. 1. 0. 0. 1. 0. 1. 1. 0. 0. 0. 0. 1. 0. 0.],18,4,380,-9250.0
421,[1. 1. 0. 1. 0. 0. 0. 0. 0. 1. 1. 1. 1. 0. 0. 1. 0. 1. 0. 0. 0. 1. 0. 0.],18,4,380,-9250.0
422,[1. 0. 0. 1. 1. 1. 1. 0. 1. 0. 1. 1. 0. 0. 1. 0. 1. 0. 0. 0. 0. 1. 0. 0.],18,4,380,-9250.0
423,[0. 0. 1. 0. 1. 0. 0. 1. 1. 1. 1. 0. 1. 1. 1. 1. 0. 0. 0. 0. 0. 1. 0. 0.],18,4,380,-9250.0
424,[0. 1. 1. 1. 0. 1. 0. 0. 1. 0. 0. 1. 1. 0. 0. 1. 1. 0. 0. 0. 0. 1. 0. 0.],18,4,380,-9250.0
425,[0. 1. 0. 1. 0. 0. 0. 1. 1. 0. 1. 0. 1. 1. 1. 0. 1. 1. 0. 0. 0. 1. 0. 0.],18,4,380,-9250.0
426,[1. 0. 1. 0. 1. 0. 0. 1. 0. 0. 0. 1. 0. 1. 1. 1. 1. 0. 0. 0. 0. 1. 0. 0.],18,4,380,-9250.0
427,[0. 0. 0. 1. 1. 0. 0. 0. 1. 1. 0. 1. 0. 1. 0. 1. 1. 0. 0. 0. 0. 1. 0. 0.],18,4,380,-9250.0
428,[1. 1. 1. 1. 0. 0. 1. 0. 0. 1. 1. 0. 0. 0. 1. 1. 1. 1. 0. 0. 0. 1. 0. 0.],18,4,380,-9250.0
429,[1. 0. 0. 0. 1. 0. 1. 0. 0. 0. 1. 0. 1. 1. 0. 0. 1. 0. 0. 0. 0. 1. 0. 0.],18,4,380,-7250.000000000001
430,[0. 1. 0. 1. 0. 0. 1. 1. 0. 1. 1. 1. 0. 0. 1. 1. 0. 0. 0. 0. 0. 1. 0. 0.],18,4,380,-9250.0
431,[1. 1. 0. 0. 1. 1. 0. 1. 0. 1. 1. 0. 0. 0. 1. 0. 0. 1. 0. 0. 0. 1. 0. 0.],18,4,380,-9250.0
432,[1. 0. 1. 0. 0. 0. 0. 0. 0. 0. 0. 1. 0. 0. 1. 0. 0. 1. 0. 0. 0. 1. 0. 0.],18,4,380,-9250.0
433,[1. 1. 0. 1. 1. 0. 1. 0. 1. 0. 0. 1. 1. 0. 1. 1. 0. 0. 0. 0. 0. 1. 0. 0.],18,4,380,-9250.0
434,[1. 1. 0. 1. 1. 1. 1. 1. 0. 0. 0. 0. 0. 1. 1. 0. 1. 0. 0. 0. 0. 1. 0. 0.],18,4,380,-9250.0
435,[0. 0. 1. 0. 1. 0. 1. 1. 0. 0. 1. 0. 1. 0. 0. 0. 0. 0. 0. 0. 0. 1. 0. 0.],18,4,380,-9250.0
436,[0. 1. 1. 1. 0. 1. 1. 0. 1. 1. 1. 0. 0. 0. 0. 1. 1. 1. 0. 0. 0. 1. 0. 0.],18,4,380,-8250.0
437,[1. 0. 1. 1. 1. 1. 1. 0. 0. 0. 0. 0. 1. 1. 0. 0. 1. 1. 0. 0. 0. 1. 0. 0.],18,4,380,-9250.0
438,[1. 1. 0. 0. 0. 1. 0. 0. 0. 1. 1. 1. 1. 0. 0. 0. 0. 0. 0. 0. 0. 1. 0. 0.],18,4,380,-8250.0
439,[1. 0. 0. 1. 0. 1. 0. 1. 1. 1. 0. 0. 1. 1. 0. 0. 0. 0. 0. 0. 0. 1. 0. 0.],18,4,380,-9250.0
440,[1. 1. 0. 1. 0. 1. 1. 1. 0. 0. 0. 0. 1. 0. 1. 0. 1. 0. 0. 0. 0. 1. 0. 0.],18,4,380,-9250.0
441,[1. 1. 0. 1. 0. 0. 1. 0. 1. 1. 0. 1. 1. 0. 0. 0. 1. 1. 0. 0. 0. 1. 0. 0.],18,4,380,-9250.0
442,[0. 1. 0. 0. 1. 0. 1. 1. 0. 1. 0. 1. 1. 1. 1. 1. 0. 1. 0. 0. 0. 1. 0. 0.],18,4,380,-9250.0
443,[1. 0. 0. 0. 1. 0. 1. 1. 0. 1. 1. 0. 0. 0. 1. 1. 0. 0. 0. 0. 0. 1. 0. 0.],18,4,380,-9250.0
444,[1. 0. 0. 0. 1. 0. 0. 1. 1. 0. 0. 1. 0. 0. 1. 1. 0. 0. 0. 0. 0. 1. 0. 0.],18,4,380,-9250.0
445,[1. 1. 0. 1. 0. 0. 1. 1. 0. 1. 1. 1. 0. 0. 0. 0. 1. 0. 0. 0. 0. 1. 0. 0.],18,4,380,-9250.0
446,[1. 0. 0. 0. 0. 0. 0. 1. 0. 1. 1. 1. 0. 0. 1. 1. 1. 1. 0. 0. 0. 1. 0. 0.],18,4,380,-9250.0
447,[1. 0. 0. 0. 0. 1. 0. 1. 1. 0. 0. 1. 0. 0. 0. 0. 0. 0. 0. 0. 0. 1. 0. 0.],18,4,380,-9250.0
448,[1. 1. 1. 1. 0. 0. 1. 1. 1. 1. 0. 1. 1. 1. 1. 0. 1. 1. 0. 0. 0. 1. 0. 0.],18,4,380,-9250.0
449,[1. 1. 0. 0. 1. 0. 1. 1. 1. 0. 1. 0. 0. 0. 0. 0. 0. 0. 0. 0. 0. 1. 0. 0.],18,4,380,-9250.0
450,[1. 0. 0. 1. 0. 0. 1. 1. 0. 0. 0. 0. 1. 1. 1. 1. 1. 1. 0. 0. 0. 1. 0. 0.],18,4,380,-9250.0
451,[1. 1. 1. 1. 1. 0. 1. 1. 1. 1. 0. 1. 1. 0. 1. 0. 1. 0. 0. 0. 0. 1. 0. 0.],18,4,380,-9250.0
452,[0. 1. 1. 0. 1. 1. 1. 1. 0. 0. 0. 0. 0. 0. 1. 0. 1. 0. 0. 0. 0. 1. 0. 0.],18,4,380,-8250.0
453,[0. 1. 0. 1. 1. 1. 0. 0. 1. 0. 0. 0. 1. 1. 0. 0. 1. 1. 0. 0. 0. 1. 0. 0.],18,4,380,-9250.0
454,[1. 1. 1. 0. 0. 0. 0. 0. 1. 0. 0. 1. 1. 0. 1. 1. 1. 0. 0. 0. 0. 1. 0. 0.],18,4,380,-8250.0
455,[0. 1. 0. 1. 1. 1. 0. 1. 0. 0. 1. 1. 1. 1. 1. 0. 0. 0. 0. 0. 0. 1. 0. 0.],18,4,380,-8250.0
456,[0. 1. 0. 1. 0. 1. 0. 0. 1. 1. 0. 1. 0. 1. 0. 1. 1. 0. 0. 0. 0. 1. 0. 0.],18,4,380,-9250.0
457,[1. 1. 1. 1. 1. 0. 0. 0. 0. 0. 0. 0. 1. 1. 0. 0. 0. 1. 0. 0. 0. 1. 0. 0.],18,4,380,-9250.0
458,[1. 0. 1. 0. 0. 1. 1. 0. 0. 0. 0. 0. 1. 1. 1. 1. 1. 1. 0. 0. 0. 1. 0. 0.],18,4,380,-9250.0
459,[1. 1. 1. 1. 1. 1. 1. 0. 1. 0. 0. 0. 1. 0. 0. 1. 1. 1. 0. 0. 0. 1. 0. 0.],18,4,380,-9250.0
460,[1. 1. 0. 0. 1. 0. 1. 1. 1. 1. 1. 0. 0. 0. 0. 1. 0. 0. 0. 0. 0. 1. 0. 0.],18,4,380,-9250.0
461,[0. 0. 0. 0. 0. 0. 1. 0. 0. 1. 1. 1. 0. 1. 0. 1. 0. 0. 0. 0. 0. 1. 0. 0.],18,4,380,-9250.0
462,[0. 1. 0. 0. 1. 1. 1. 1. 1. 0. 0. 0. 1. 1. 0. 1. 0. 0. 0. 0. 0. 1. 0. 0.],18,4,380,-9250.0
463,[0. 0. 1. 1. 1. 1. 0. 0. 0. 1. 0. 1. 0. 1. 1. 0. 0. 0. 0. 0. 0. 1. 0. 0.],18,4,380,-9250.0
464,[1. 1. 1. 1. 1. 0. 1. 1. 1. 0. 1. 1. 1. 1. 0. 0. 0. 0. 0. 0. 0. 1. 0. 0.],18,4,380,-9250.0
465,[0. 0. 0. 0. 0. 0. 0. 1. 1. 1. 1. 0. 0. 1. 1. 1. 0. 0. 0. 0. 0. 1. 0. 0.],18,4,380,-8250.0
466,[1. 0. 1. 0. 1. 1. 0. 0. 1. 0. 1. 0. 1. 0. 1. 0. 1. 1. 0. 0. 0. 1. 0. 0.],18,4,380,-9250.0
467,[1. 1. 0. 0. 1. 0. 0. 0. 1. 0. 1. 1. 1. 0. 0. 0. 0. 1. 0. 0. 0. 1. 0. 0.],18,4,380,-9250.0
468,[0. 1. 1. 1. 0. 1. 0. 0. 1. 1. 0. 1. 1. 1. 1. 1. 0. 1. 0. 0. 0. 1. 0. 0.],18,4,380,-9250.0
469,[1. 1. 0. 0. 0. 0. 0. 1. 0. 1. 1. 1. 0. 1. 1. 1. 0. 1. 0. 0. 0. 1. 0. 0.],18,4,380,-9250.0
470,[1. 1. 1. 1. 1. 1. 0. 0. 0. 0. 0. 1. 0. 1. 0. 1. 0. 0. 0. 0. 0. 1. 0. 0.],18,4,380,-9250.0
471,[0. 0. 0. 1. 1. 0. 1. 1. 1. 1. 0. 1. 0. 1. 1. 1. 0. 1. 0. 0. 0. 1. 0. 0.],18,4,380,-9250.0
472,[1. 1. 0. 0. 1. 1. 1. 0. 1. 0. 0. 1. 1. 0. 0. 1. 0. 0. 0. 0. 0. 1. 0. 0.],18,4,380,-9250.0
473,[1. 0. 0. 0. 0. 0. 1. 0. 1. 1. 0. 0. 1. 1. 1. 1. 0. 0. 0. 0. 0. 1. 0. 0.],18,4,380,-9250.0
474,[1. 1. 1. 0. 1. 1. 1. 1. 1. 1. 1. 0. 0. 1. 0. 1. 0. 1. 0. 0. 0. 1. 0. 0.],18,4,380,-8250.0
475,[1. 0. 0. 0. 0. 1. 1. 0. 1. 1. 0. 0. 0. 1. 0. 0. 1. 1. 0. 0. 0. 1. 0. 0.],18,4,380,-9250.0
476,[1. 1. 1. 0. 1. 1. 0. 1. 0. 1. 0. 0. 0. 0. 1. 0. 0. 0. 0. 0. 0. 1. 0. 0.],18,4,380,-9250.0
477,[0. 1. 0. 1. 0. 1. 0. 1. 1. 0. 0. 0. 0. 0. 1. 0. 0. 1. 0. 0. 0. 1. 0. 0.],18,4,380,-8250.0
478,[1. 0. 1. 0. 0. 1. 1. 1. 0. 0. 0. 0. 0. 0. 0. 0. 1. 0. 0. 0. 0. 1. 0. 0.],18,4,380,-9250.0
479,[0. 1. 0. 1. 0. 0. 0. 1. 1. 0. 0. 0. 0. 0. 1. 0. 1. 1. 0. 0. 0. 1. 0. 0.],18,4,380,-9250.0
480,[1. 1. 0. 1. 1. 0. 1. 0. 0. 1. 0. 1. 0. 0. 1. 1. 1. 0. 0. 0. 0. 1. 0. 0.],18,4,380,-9250.0
481,[1. 1. 0. 1. 1. 0. 1. 0. 0. 0. 1. 1. 0. 1. 1. 0. 0. 1. 0. 0. 0. 1. 0. 0.],18,4,380,-9250.0
482,[1. 1. 1. 0. 1. 1. 1. 0. 0. 1. 0. 1. 0. 0. 1. 0. 1. 0. 0. 0. 0. 1. 0. 0.],18,4,380,-9250.0
483,[0. 0. 1. 1. 0. 1. 1. 0. 0. 1. 0. 0. 1. 0. 0. 0. 0. 1. 0. 0. 0. 1. 0. 0.],18,4,380,-9250.0
484,[1. 1. 0. 1. 0. 0. 0. 0. 1. 1. 0. 0. 0. 0. 0. 1. 0. 0. 0. 0. 0. 1. 0. 0.],18,4,380,-8250.0
485,[1. 1. 0. 0. 0. 0. 1. 0. 1. 1. 1. 0. 0. 1. 0. 0. 1. 0. 0. 0. 0. 1. 0. 0.],18,4,380,-9250.0
486,[0. 1. 1. 1. 0. 0. 0. 0. 0. 1. 0. 1. 1. 0. 0. 0. 1. 0. 0. 0. 0. 1. 0. 0.],18,4,380,-9250.0
487,[1. 0. 1. 1. 1. 0. 0. 0. 1. 0. 1. 1. 0. 1. 0. 1. 0. 1. 0. 0. 0. 1. 0. 0.],18,4,380,-9250.0
488,[0. 0. 0. 1. 1. 1. 0. 1. 0. 0. 0. 1. 0. 0. 1. 0. 1. 0. 0. 0. 0. 1. 0. 0.],18,4,380,-9250.0
489,[0. 1. 1. 1. 1. 0. 0. 0. 1. 1. 1. 0. 1. 0. 1. 1. 1. 0. 0. 0. 0. 1. 0. 0.],18,4,380,-9250.0
490,[1. 0. 1. 1. 0. 1. 1. 0. 0. 1. 1. 1. 0. 1. 1. 0. 0. 1. 0. 0. 0. 1. 0. 0.],18,4,380,-9250.0
491,[1. 0. 1. 1. 1. 1. 0. 1. 0. 1. 0. 0. 0. 1. 0. 1. 1. 0. 0. 0. 0. 1. 0. 0.],18,4,380,-9250.0
492,[0. 0. 1. 0. 1. 1. 1. 1. 1. 0. 0. 0. 1. 0. 1. 1. 1. 1. 0. 0. 0. 1. 0. 0.],18,4,380,-9250.0
493,[1. 0. 1. 0. 1. 1. 1. 0. 1. 1. 0. 0. 1. 1. 1. 0. 0. 1. 0. 0. 0. 1. 0. 0.],18,4,380,-9250.0
494,[1. 0. 1. 1. 0. 0. 0. 0. 0. 1. 1. 1. 0. 1. 0. 0. 1. 0. 0. 0. 0. 1. 0. 0.],18,4,380,-9250.0
495,[1. 0. 0. 0. 1. 1. 0. 1. 0. 1. 0. 1. 0. 0. 1. 1. 1. 1. 0. 0. 0. 1. 0. 0.],18,4,380,-9250.0
496,[1. 1. 0. 1. 1. 0. 1. 0. 0. 0. 1. 1. 1. 1. 1. 0. 0. 1. 0. 0. 0. 1. 0. 0.],18,4,380,-9250.0
497,[1. 1. 1. 1. 0. 0. 1. 0. 0. 0. 1. 0. 0. 1. 1. 0. 1. 1. 0. 0. 0. 1. 0. 0.],18,4,380,-9250.0
498,[0. 0. 0. 1. 0. 1. 0. 0. 1. 0. 1. 0. 0. 1. 0. 0. 0. 0. 0. 0. 0. 1. 0. 0.],18,4,380,-9250.0
499,[0. 0. 0. 0. 1. 0. 0. 0. 0. 0. 1. 1. 1. 0. 0. 0. 0. 0. 0. 0. 0. 1. 0. 0.],18,4,380,-9250.0
500,[0. 0. 1. 1. 0. 0. 1. 0. 1. 1. 1. 0. 0. 1. 0. 1. 0. 1. 0. 0. 0. 1. 0. 0.],18,4,380,-9250.0
